gender,SeniorCitizen,Partner,Dependents,tenure,PhoneService,MultipleLines,InternetService,OnlineSecurity,OnlineBackup,DeviceProtection,TechSupport,StreamingTV,StreamingMovies,Contract,PaperlessBilling,PaymentMethod,MonthlyCharges,TotalCharges,Churn_Original,Tenure_x_MonthlyCharges,TotalCharges_Low,TotalCharges_Medium,TotalCharges_High,TotalCharges_VeryHigh,TotalCharges_Low,TotalCharges_Medium,TotalCharges_High,TotalCharges_VeryHigh,Actual_Churn,Predicted_Churn
0.0,0.0,1.0,0.0,0.013888888888888888,0.0,0.5,0.0,0.0,0.0,0.0,0.0,0.0,0.0,0.0,1.0,0.6666666666666666,0.06517412935323384,0.3130168453292496,1.0,0.0009051962410171366,False,True,False,False,False,True,False,False,1,1
1.0,0.0,0.0,0.0,0.5694444444444444,1.0,1.0,1.0,0.5,0.5,0.5,0.5,0.5,0.5,0.0,1.0,0.0,0.06965174129353237,0.9987748851454824,0.0,0.039662797125483706,False,False,False,True,False,False,False,True,0,0
0.0,0.0,1.0,1.0,0.7222222222222222,1.0,0.0,1.0,0.5,0.5,0.5,0.5,0.5,0.5,1.0,0.0,1.0,0.010945273631840809,0.010260336906584991,0.0,0.007904919845218362,True,False,False,False,True,False,False,False,0,0
0.0,0.0,0.0,0.0,0.013888888888888888,1.0,0.0,0.5,0.0,0.0,1.0,0.0,0.0,0.0,0.0,0.0,0.6666666666666666,0.5781094527363184,0.8915773353751913,1.0,0.008029297954671088,False,False,False,True,False,False,False,True,1,1
1.0,0.0,0.0,0.0,0.9305555555555555,1.0,0.0,0.0,0.0,0.0,0.0,1.0,0.0,0.0,1.0,0.0,0.0,0.3213930348258706,0.4344563552833078,0.0,0.299074074074074,False,True,False,False,False,True,False,False,0,0
0.0,1.0,1.0,0.0,0.9444444444444444,1.0,1.0,0.5,0.0,1.0,0.0,0.0,0.0,1.0,0.0,1.0,0.0,0.7099502487562189,0.7656967840735068,1.0,0.6705085682697624,False,False,False,True,False,False,False,True,1,1
0.0,0.0,1.0,1.0,0.3194444444444444,1.0,1.0,0.0,1.0,0.0,1.0,1.0,1.0,0.0,1.0,1.0,0.0,0.5860696517412937,0.19632465543644717,0.0,0.18721669430624657,True,False,False,False,True,False,False,False,0,0
1.0,0.0,1.0,1.0,1.0,1.0,1.0,0.0,1.0,1.0,1.0,1.0,0.0,0.0,1.0,0.0,0.3333333333333333,0.5358208955223881,0.6505359877488515,0.0,0.5358208955223881,False,False,True,False,False,False,True,False,0,0
1.0,0.0,0.0,0.0,0.9722222222222222,1.0,1.0,0.5,1.0,0.0,0.0,1.0,1.0,1.0,1.0,1.0,0.3333333333333333,0.8532338308457713,0.8641653905053599,1.0,0.8295328911000555,False,False,False,True,False,False,False,True,1,1
1.0,0.0,0.0,0.0,0.013888888888888888,1.0,0.0,1.0,0.5,0.5,0.5,0.5,0.5,0.5,0.0,0.0,1.0,0.011442786069651713,0.22695252679938743,1.0,0.00015892758430071822,True,False,False,False,True,False,False,False,1,1
1.0,0.0,0.0,0.0,0.013888888888888888,1.0,0.0,1.0,0.5,0.5,0.5,0.5,0.5,0.5,0.0,0.0,1.0,0.02189054726368159,0.2473200612557427,0.0,0.00030403537866224427,False,True,False,False,False,True,False,False,0,0
1.0,0.0,1.0,1.0,0.4722222222222222,1.0,0.0,0.5,0.0,0.0,1.0,0.0,1.0,0.0,0.0,1.0,1.0,0.654726368159204,0.3848392036753446,0.0,0.3091763405196241,False,True,False,False,False,True,False,False,0,0
1.0,1.0,1.0,1.0,0.38888888888888884,1.0,1.0,0.0,0.0,0.0,0.0,0.0,0.0,0.0,0.5,1.0,0.6666666666666666,0.3258706467661692,0.10581929555895865,0.0,0.12672747374239912,True,False,False,False,True,False,False,False,0,0
0.0,1.0,0.0,0.0,0.25,1.0,1.0,0.5,0.0,1.0,0.0,1.0,0.0,0.0,0.0,1.0,0.6666666666666666,0.6686567164179106,0.14058192955589585,1.0,0.16716417910447764,True,False,False,False,True,False,False,False,1,1
0.0,0.0,1.0,0.0,0.20833333333333331,1.0,0.0,1.0,0.5,0.5,0.5,0.5,0.5,0.5,0.0,0.0,0.3333333333333333,0.02189054726368159,0.43920367534456356,0.0,0.004560530679933664,False,True,False,False,False,True,False,False,0,0
0.0,1.0,0.0,0.0,0.15277777777777776,1.0,1.0,0.5,0.0,0.0,0.0,0.0,1.0,1.0,0.0,1.0,0.0,0.765174129353234,0.9992343032159264,1.0,0.11690160309563297,False,False,False,True,False,False,False,True,1,1
1.0,0.0,0.0,0.0,0.15277777777777776,1.0,1.0,0.0,0.0,0.0,1.0,0.0,0.0,0.0,0.0,0.0,0.6666666666666666,0.35323383084577115,0.7606431852986217,1.0,0.053966279712548366,False,False,False,True,False,False,False,True,1,1
1.0,0.0,1.0,1.0,0.013888888888888888,1.0,0.0,0.5,0.0,0.0,0.0,0.0,0.0,0.0,0.0,1.0,0.6666666666666666,0.5149253731343284,0.8424196018376723,1.0,0.007151741293532339,False,False,False,True,False,False,False,True,1,1
0.0,0.0,1.0,1.0,0.5138888888888888,1.0,1.0,0.5,0.0,1.0,0.0,0.0,1.0,0.0,0.0,1.0,0.6666666666666666,0.7019900497512438,0.44379785604900457,0.0,0.3607448866777225,False,True,False,False,False,True,False,False,0,0
1.0,0.0,0.0,1.0,0.3055555555555555,1.0,0.0,0.5,0.0,1.0,1.0,0.0,1.0,0.0,0.0,1.0,0.6666666666666666,0.7079601990049753,0.24946401225114853,1.0,0.21632117191818687,False,True,False,False,False,True,False,False,1,1
0.0,0.0,0.0,0.0,0.013888888888888888,1.0,0.0,0.5,0.0,0.0,0.0,0.0,0.0,0.0,0.0,1.0,0.6666666666666666,0.5174129353233832,0.8431852986217457,0.0,0.007186290768380322,False,False,False,True,False,False,False,True,0,0
0.0,0.0,1.0,1.0,0.013888888888888888,1.0,0.0,1.0,0.5,0.5,0.5,0.5,0.5,0.5,0.0,0.0,0.6666666666666666,0.011940298507462675,0.22710566615620215,0.0,0.00016583747927031493,True,False,False,False,True,False,False,False,0,0
1.0,0.0,1.0,1.0,0.6388888888888888,1.0,1.0,0.5,0.0,1.0,0.0,0.0,0.0,0.0,0.0,1.0,0.0,0.6144278606965174,0.49509954058192956,0.0,0.392551133222775,False,True,False,False,False,True,False,False,0,0
0.0,0.0,0.0,0.0,0.7083333333333333,1.0,1.0,0.5,1.0,1.0,1.0,0.0,1.0,1.0,0.5,0.0,0.0,0.8875621890547266,0.7185298621745788,0.0,0.6286898839137646,False,False,True,False,False,False,True,False,0,0
0.0,0.0,1.0,0.0,0.5694444444444444,1.0,0.0,0.5,1.0,1.0,1.0,0.0,1.0,1.0,0.5,1.0,0.0,0.8577114427860698,0.5450229709035221,0.0,0.4884190160309564,False,False,True,False,False,False,True,False,0,0
0.0,0.0,1.0,0.0,0.06944444444444445,1.0,1.0,0.0,0.0,0.0,1.0,1.0,1.0,0.0,0.0,0.0,0.0,0.49452736318407975,0.46523736600306276,1.0,0.03434217799889443,False,True,False,False,False,True,False,False,1,1
0.0,0.0,0.0,0.0,0.625,1.0,1.0,0.5,0.0,1.0,0.0,0.0,1.0,0.0,0.0,1.0,0.3333333333333333,0.7069651741293533,0.5258805513016845,1.0,0.44185323383084585,False,False,True,False,False,False,True,False,1,1
1.0,0.0,1.0,1.0,0.40277777777777773,1.0,0.0,0.0,1.0,0.0,0.0,0.0,0.0,1.0,0.0,1.0,1.0,0.4174129353233832,0.2122511485451761,0.0,0.16812465450525155,True,False,False,False,True,False,False,False,0,0
0.0,1.0,0.0,0.0,0.20833333333333331,1.0,0.0,0.5,0.0,0.0,0.0,0.0,1.0,1.0,0.0,1.0,0.6666666666666666,0.7288557213930349,0.11225114854517611,0.0,0.15184494195688225,True,False,False,False,True,False,False,False,0,0
1.0,0.0,0.0,0.0,1.0,0.0,0.5,0.0,1.0,1.0,1.0,1.0,1.0,1.0,1.0,1.0,0.0,0.4522388059701494,0.580551301684533,0.0,0.4522388059701494,False,False,True,False,False,False,True,False,0,0
1.0,0.0,1.0,0.0,0.6944444444444444,1.0,1.0,0.5,1.0,0.0,1.0,0.0,1.0,1.0,0.5,1.0,0.6666666666666666,0.8527363184079605,0.6715160796324655,0.0,0.592177998894417,False,False,True,False,False,False,True,False,0,0
1.0,0.0,0.0,1.0,0.375,1.0,0.0,1.0,0.5,0.5,0.5,0.5,0.5,0.5,1.0,0.0,1.0,0.02338308457711444,0.7333843797856049,0.0,0.008768656716417916,False,False,True,False,False,False,True,False,0,0
1.0,0.0,1.0,0.0,1.0,1.0,1.0,0.0,0.0,1.0,1.0,1.0,1.0,1.0,1.0,1.0,0.0,0.6656716417910449,0.7820826952526799,0.0,0.6656716417910449,False,False,False,True,False,False,False,True,0,0
0.0,0.0,1.0,1.0,0.7083333333333333,1.0,0.0,0.0,1.0,1.0,0.0,1.0,0.0,1.0,0.5,1.0,0.3333333333333333,0.5124378109452737,0.4724349157733537,0.0,0.3629767827529022,False,True,False,False,False,True,False,False,0,0
0.0,0.0,1.0,0.0,0.8333333333333333,1.0,1.0,0.5,1.0,1.0,0.0,0.0,0.0,1.0,0.0,1.0,0.3333333333333333,0.7547263681592041,0.6960183767228177,0.0,0.6289386401326701,False,False,True,False,False,False,True,False,0,0
1.0,0.0,0.0,0.0,0.2361111111111111,1.0,0.0,1.0,0.5,0.5,0.5,0.5,0.5,0.5,1.0,0.0,0.3333333333333333,0.011940298507462675,0.48683001531393566,0.0,0.0028192371475953535,False,True,False,False,False,True,False,False,0,0
0.0,0.0,0.0,0.0,1.0,1.0,0.0,1.0,0.5,0.5,0.5,0.5,0.5,0.5,1.0,1.0,0.0,0.028855721393034807,0.11791730474732005,0.0,0.028855721393034807,True,False,False,False,True,False,False,False,0,0
0.0,0.0,1.0,0.0,0.4583333333333333,1.0,1.0,0.5,0.0,1.0,1.0,0.0,1.0,1.0,0.0,1.0,0.6666666666666666,0.857213930348259,0.45191424196018376,1.0,0.39288971807628537,False,True,False,False,False,True,False,False,1,1
0.0,1.0,1.0,1.0,0.9166666666666666,1.0,1.0,0.5,0.0,1.0,1.0,0.0,1.0,1.0,0.5,1.0,0.6666666666666666,0.8621890547263683,0.832771822358346,0.0,0.7903399668325043,False,False,False,True,False,False,False,True,0,0
0.0,0.0,1.0,1.0,0.9583333333333333,1.0,1.0,0.5,0.0,1.0,1.0,0.0,1.0,1.0,0.0,1.0,0.6666666666666666,0.8527363184079605,0.8799387442572741,1.0,0.8172056384742954,False,False,False,True,False,False,False,True,1,1
1.0,0.0,0.0,0.0,0.06944444444444445,1.0,0.0,0.5,0.0,0.0,0.0,0.0,0.0,0.0,0.0,1.0,0.6666666666666666,0.5124378109452737,0.4318529862174579,1.0,0.03558595909342179,False,True,False,False,False,True,False,False,1,1
0.0,0.0,1.0,0.0,0.7916666666666666,1.0,1.0,0.5,0.0,0.0,1.0,0.0,1.0,1.0,0.5,1.0,0.3333333333333333,0.82089552238806,0.7505359877488514,0.0,0.6498756218905475,False,False,True,False,False,False,True,False,0,0
0.0,1.0,0.0,0.0,0.1111111111111111,1.0,1.0,0.5,0.0,0.0,0.0,0.0,0.0,0.0,0.0,1.0,0.6666666666666666,0.5721393034825871,0.7586523736600306,1.0,0.06357103372028745,False,False,False,True,False,False,False,True,1,1
0.0,0.0,0.0,0.0,0.19444444444444442,1.0,0.0,0.0,0.0,1.0,0.0,0.0,0.0,0.0,0.5,0.0,0.3333333333333333,0.3303482587064677,0.8655436447166922,0.0,0.06423438363736872,False,False,False,True,False,False,False,True,0,0
1.0,0.0,0.0,0.0,0.3472222222222222,1.0,1.0,0.5,0.0,0.0,0.0,0.0,1.0,1.0,0.0,1.0,0.0,0.7606965174129355,0.306125574272588,1.0,0.2641307352128248,False,True,False,False,False,True,False,False,1,1
0.0,0.0,1.0,1.0,0.7222222222222222,1.0,0.0,1.0,0.5,0.5,0.5,0.5,0.5,0.5,0.5,0.0,0.3333333333333333,0.013432835820895526,0.004287901990811639,0.0,0.009701492537313436,True,False,False,False,True,False,False,False,0,0
0.0,1.0,0.0,0.0,0.09722222222222221,1.0,0.0,0.5,1.0,0.0,0.0,0.0,0.0,0.0,0.0,0.0,0.0,0.5791044776119404,0.6523736600306278,1.0,0.05630182421227198,False,False,True,False,False,False,True,False,1,1
1.0,0.0,0.0,0.0,0.18055555555555555,1.0,0.0,0.5,0.0,1.0,1.0,0.0,0.0,0.0,0.0,1.0,0.6666666666666666,0.6124378109452737,0.9941807044410413,1.0,0.1105790491984522,False,False,False,True,False,False,False,True,1,1
0.0,1.0,0.0,0.0,0.20833333333333331,1.0,1.0,0.5,0.0,1.0,0.0,0.0,0.0,1.0,0.0,0.0,0.6666666666666666,0.7124378109452737,0.12052067381316998,1.0,0.148424543946932,True,False,False,False,True,False,False,False,1,1
1.0,0.0,0.0,0.0,0.3055555555555555,1.0,0.0,0.0,0.0,1.0,0.0,1.0,0.0,0.0,0.5,1.0,0.3333333333333333,0.3671641791044777,0.055130168453292494,1.0,0.11218905472636817,True,False,False,False,True,False,False,False,1,1
0.0,0.0,0.0,0.0,0.2638888888888889,1.0,0.0,1.0,0.5,0.5,0.5,0.5,0.5,0.5,0.0,0.0,1.0,0.016417910447761173,0.48453292496171513,0.0,0.004332504145936976,False,True,False,False,False,True,False,False,0,0
1.0,0.0,1.0,1.0,0.3194444444444444,0.0,0.5,0.0,0.0,0.0,0.0,1.0,0.0,0.0,0.0,1.0,0.0,0.12039800995024877,0.8212863705972435,0.0,0.03846047540077391,False,False,False,True,False,False,False,True,0,0
0.0,0.0,1.0,0.0,1.0,1.0,1.0,0.5,1.0,1.0,1.0,1.0,1.0,1.0,1.0,1.0,0.0,0.9492537313432837,0.9329249617151608,0.0,0.9492537313432837,False,False,False,True,False,False,False,True,0,0
1.0,1.0,1.0,0.0,1.0,1.0,1.0,0.5,0.0,1.0,0.0,0.0,1.0,1.0,1.0,0.0,0.0,0.7970149253731345,0.8372128637059724,0.0,0.7970149253731345,False,False,False,True,False,False,False,True,0,0
0.0,0.0,1.0,1.0,0.8194444444444444,1.0,1.0,0.5,0.0,1.0,0.0,1.0,0.0,1.0,0.0,1.0,0.0,0.7800995024875624,0.7076569678407351,0.0,0.639248203427308,False,False,True,False,False,False,True,False,0,0
0.0,0.0,1.0,1.0,0.9722222222222222,1.0,0.0,0.0,1.0,0.0,0.0,1.0,1.0,1.0,1.0,0.0,0.3333333333333333,0.5681592039800996,0.6920367534456355,0.0,0.5523770038695412,False,False,True,False,False,False,True,False,0,0
1.0,0.0,1.0,1.0,0.9722222222222222,1.0,0.0,0.5,1.0,1.0,1.0,1.0,1.0,0.0,1.0,1.0,0.3333333333333333,0.8243781094527364,0.8419601837672281,0.0,0.8014787175234936,False,False,False,True,False,False,False,True,0,0
1.0,0.0,1.0,1.0,0.125,1.0,0.0,0.5,0.0,0.0,1.0,1.0,1.0,1.0,0.0,0.0,0.6666666666666666,0.8442786069651743,0.9931087289433385,0.0,0.10553482587064679,False,False,False,True,False,False,False,True,0,0
0.0,0.0,0.0,0.0,0.041666666666666664,1.0,1.0,1.0,0.5,0.5,0.5,0.5,0.5,0.5,0.0,0.0,1.0,0.06318407960199006,0.9557427258805513,0.0,0.0026326699834162523,False,False,False,True,False,False,False,True,0,0
1.0,1.0,0.0,0.0,0.2361111111111111,1.0,0.0,0.5,0.0,1.0,1.0,0.0,1.0,1.0,0.0,1.0,0.6666666666666666,0.8313432835820896,0.19494640122511483,0.0,0.1962893864013267,True,False,False,False,True,False,False,False,0,0
0.0,0.0,1.0,1.0,0.38888888888888884,1.0,0.0,0.5,0.0,0.0,0.0,0.0,0.0,0.0,0.5,1.0,0.0,0.5189054726368161,0.24471669218989278,0.0,0.2017965726920951,True,False,False,False,True,False,False,False,0,0
0.0,0.0,0.0,0.0,0.1388888888888889,1.0,0.0,0.0,0.0,0.0,1.0,1.0,0.0,0.0,0.0,0.0,0.6666666666666666,0.3582089552238807,0.7355283307810107,0.0,0.049751243781094544,False,False,True,False,False,False,True,False,0,0
1.0,0.0,1.0,1.0,0.15277777777777776,1.0,0.0,1.0,0.5,0.5,0.5,0.5,0.5,0.5,0.0,0.0,0.0,0.026865671641791024,0.3557427258805513,0.0,0.004104477611940295,False,True,False,False,False,True,False,False,0,0
1.0,1.0,1.0,0.0,1.0,1.0,1.0,0.5,1.0,1.0,1.0,0.0,0.0,1.0,1.0,1.0,0.3333333333333333,0.8398009950248758,0.8885145482388974,0.0,0.8398009950248758,False,False,False,True,False,False,False,True,0,0
1.0,0.0,0.0,0.0,0.1111111111111111,1.0,0.0,0.5,0.0,0.0,0.0,0.0,0.0,0.0,0.0,1.0,1.0,0.5159203980099503,0.7007656967840735,1.0,0.05732448866777225,False,False,True,False,False,False,True,False,1,1
1.0,1.0,0.0,0.0,0.9583333333333333,1.0,0.0,1.0,0.5,0.5,0.5,0.5,0.5,0.5,1.0,0.0,0.3333333333333333,0.020398009950248767,0.09877488514548238,0.0,0.0195480928689884,True,False,False,False,True,False,False,False,0,0
0.0,0.0,1.0,1.0,0.5416666666666666,1.0,0.0,1.0,0.5,0.5,0.5,0.5,0.5,0.5,1.0,1.0,0.0,0.01592039800995027,0.9529862174578867,0.0,0.008623548922056395,False,False,False,True,False,False,False,True,0,0
1.0,0.0,1.0,1.0,0.9305555555555555,0.0,0.5,0.0,1.0,0.0,0.0,0.0,1.0,1.0,1.0,0.0,0.3333333333333333,0.32487562189054725,0.43690658499234303,0.0,0.30231481481481476,False,True,False,False,False,True,False,False,0,0
1.0,0.0,0.0,0.0,0.5416666666666666,1.0,0.0,1.0,0.5,0.5,0.5,0.5,0.5,0.5,0.5,0.0,1.0,0.016417910447761173,0.9157733537519143,0.0,0.008893034825870635,False,False,False,True,False,False,False,True,0,0
1.0,0.0,1.0,1.0,0.75,1.0,1.0,0.0,1.0,1.0,0.0,1.0,0.0,0.0,1.0,1.0,0.3333333333333333,0.4716417910447762,0.4730474732006125,0.0,0.35373134328358213,False,True,False,False,False,True,False,False,0,0
0.0,0.0,0.0,0.0,0.013888888888888888,1.0,1.0,0.5,0.0,0.0,0.0,0.0,0.0,0.0,0.0,1.0,0.6666666666666666,0.5597014925373135,0.8761102603369065,1.0,0.00777363184079602,False,False,False,True,False,False,False,True,1,1
0.0,0.0,1.0,1.0,1.0,0.0,0.5,0.0,0.0,1.0,1.0,1.0,1.0,1.0,1.0,1.0,0.6666666666666666,0.41542288557213936,0.5563552833078101,0.0,0.41542288557213936,False,False,True,False,False,False,True,False,0,0
1.0,0.0,0.0,0.0,0.1388888888888889,1.0,1.0,0.5,1.0,0.0,0.0,0.0,1.0,1.0,0.0,0.0,0.6666666666666666,0.7990049751243783,0.0026033690658499235,1.0,0.11097291321171922,True,False,False,False,True,False,False,False,1,1
1.0,0.0,1.0,1.0,0.18055555555555555,1.0,0.0,0.5,0.0,0.0,1.0,0.0,1.0,1.0,0.0,1.0,1.0,0.7800995024875624,0.04670750382848392,1.0,0.14085129906025431,True,False,False,False,True,False,False,False,1,1
0.0,0.0,0.0,0.0,0.4861111111111111,1.0,0.0,0.5,0.0,0.0,1.0,1.0,1.0,1.0,0.5,1.0,0.6666666666666666,0.8059701492537316,0.4686064318529862,0.0,0.3917910447761195,False,True,False,False,False,True,False,False,0,0
1.0,0.0,1.0,1.0,0.16666666666666666,0.0,0.5,0.0,0.0,1.0,0.0,1.0,0.0,0.0,0.0,0.0,1.0,0.17164179104477614,0.5627871362940275,0.0,0.028606965174129355,False,False,True,False,False,False,True,False,0,0
1.0,0.0,1.0,0.0,0.4305555555555555,1.0,1.0,0.5,1.0,1.0,0.0,1.0,0.0,0.0,0.0,1.0,0.3333333333333333,0.719402985074627,0.38728943338437977,0.0,0.309742951907131,False,True,False,False,False,True,False,False,0,0
0.0,0.0,1.0,1.0,0.736111111111111,1.0,0.0,0.5,0.0,1.0,1.0,1.0,1.0,1.0,0.0,1.0,0.0,0.8955223880597017,0.7457886676875957,0.0,0.6592039800995027,False,False,True,False,False,False,True,False,0,0
1.0,0.0,0.0,0.0,0.013888888888888888,1.0,0.0,1.0,0.5,0.5,0.5,0.5,0.5,0.5,0.0,1.0,1.0,0.012437810945273634,0.22725880551301683,0.0,0.00017274737423991158,True,False,False,False,True,False,False,False,0,0
1.0,0.0,0.0,0.0,0.41666666666666663,1.0,0.0,1.0,0.5,0.5,0.5,0.5,0.5,0.5,0.5,0.0,1.0,0.01442786069651739,0.7756508422664624,0.0,0.006011608623548912,False,False,False,True,False,False,False,True,0,0
0.0,0.0,0.0,0.0,0.6388888888888888,1.0,0.0,0.5,0.0,0.0,1.0,0.0,0.0,0.0,0.0,1.0,0.3333333333333333,0.5626865671641792,0.47059724349157733,0.0,0.35949419568822555,False,True,False,False,False,True,False,False,0,0
0.0,0.0,1.0,0.0,0.2638888888888889,1.0,1.0,0.5,0.0,0.0,1.0,0.0,0.0,1.0,0.0,0.0,1.0,0.71044776119403,0.19709035222052068,1.0,0.18747927031509123,True,False,False,False,True,False,False,False,1,1
0.0,0.0,1.0,0.0,0.3194444444444444,1.0,0.0,0.0,0.0,0.0,1.0,1.0,0.0,0.0,0.0,0.0,0.6666666666666666,0.3582089552238807,0.06232771822358346,0.0,0.11442786069651743,True,False,False,False,True,False,False,False,0,0
0.0,1.0,0.0,0.0,0.20833333333333331,1.0,1.0,0.0,0.0,0.0,0.0,1.0,0.0,0.0,0.0,0.0,0.3333333333333333,0.3656716417910448,0.8898928024502297,1.0,0.07618159203980099,False,False,False,True,False,False,False,True,1,1
1.0,0.0,0.0,0.0,0.6666666666666666,1.0,0.0,1.0,0.5,0.5,0.5,0.5,0.5,0.5,1.0,0.0,0.3333333333333333,0.018905472636815888,0.9960183767228178,0.0,0.012603648424543925,False,False,False,True,False,False,False,True,0,0
1.0,0.0,0.0,1.0,0.3472222222222222,1.0,0.0,0.5,0.0,1.0,0.0,0.0,1.0,1.0,0.0,1.0,0.6666666666666666,0.7726368159203982,0.3215926493108729,1.0,0.26827667219458273,False,True,False,False,False,True,False,False,1,1
1.0,0.0,0.0,0.0,0.7222222222222222,1.0,0.0,0.5,0.0,1.0,1.0,1.0,1.0,1.0,0.5,1.0,0.0,0.8631840796019902,0.6900459418070444,1.0,0.623410724156993,False,False,True,False,False,False,True,False,1,1
1.0,0.0,0.0,0.0,0.16666666666666666,1.0,0.0,0.5,1.0,0.0,1.0,0.0,0.0,0.0,0.0,0.0,0.0,0.6313432835820897,0.9551301684532925,1.0,0.10522388059701494,False,False,False,True,False,False,False,True,1,1
0.0,0.0,0.0,0.0,0.6666666666666666,1.0,1.0,1.0,0.5,0.5,0.5,0.5,0.5,0.5,0.5,0.0,0.0,0.06268656716417913,0.05727411944869831,0.0,0.04179104477611942,True,False,False,False,True,False,False,False,0,0
0.0,0.0,0.0,0.0,0.5277777777777778,1.0,0.0,1.0,0.5,0.5,0.5,0.5,0.5,0.5,1.0,0.0,1.0,0.017910447761194024,0.877947932618683,0.0,0.009452736318407958,False,False,False,True,False,False,False,True,0,0
0.0,0.0,0.0,0.0,0.25,0.0,0.5,0.0,0.0,0.0,1.0,1.0,0.0,0.0,0.0,1.0,0.6666666666666666,0.1686567164179105,0.7597243491577336,0.0,0.042164179104477624,False,False,False,True,False,False,False,True,0,0
0.0,0.0,1.0,0.0,0.625,1.0,0.0,0.0,0.0,0.0,1.0,0.0,0.0,0.0,0.0,1.0,0.3333333333333333,0.318407960199005,0.28437978560490046,0.0,0.19900497512437815,False,True,False,False,False,True,False,False,0,0
1.0,0.0,0.0,0.0,0.16666666666666666,1.0,1.0,0.5,0.0,0.0,1.0,0.0,1.0,0.0,0.0,1.0,0.6666666666666666,0.709452736318408,0.006431852986217458,0.0,0.11824212271973467,True,False,False,False,True,False,False,False,0,0
0.0,1.0,0.0,0.0,0.9166666666666666,1.0,1.0,0.5,1.0,0.0,0.0,0.0,1.0,1.0,1.0,1.0,0.0,0.837313432835821,0.795865237366003,0.0,0.7675373134328359,False,False,False,True,False,False,False,True,0,0
0.0,0.0,0.0,0.0,1.0,1.0,0.0,1.0,0.5,0.5,0.5,0.5,0.5,0.5,1.0,0.0,0.3333333333333333,0.019900497512437807,0.15558958652373658,0.0,0.019900497512437807,True,False,False,False,True,False,False,False,0,0
0.0,0.0,0.0,0.0,0.9722222222222222,0.0,0.5,0.0,1.0,1.0,1.0,1.0,0.0,0.0,1.0,1.0,0.0,0.2621890547263682,0.40673813169984685,0.0,0.25490602542841356,False,True,False,False,False,True,False,False,0,0
0.0,0.0,1.0,0.0,0.375,1.0,1.0,0.5,0.0,0.0,1.0,0.0,0.0,1.0,0.0,0.0,0.0,0.7154228855721394,0.3169984686064318,0.0,0.2682835820895523,False,True,False,False,False,True,False,False,0,0
1.0,0.0,0.0,0.0,0.013888888888888888,1.0,0.0,1.0,0.5,0.5,0.5,0.5,0.5,0.5,0.0,0.0,1.0,0.017412935323383064,0.2459418070444104,0.0,0.0002418463239358759,True,False,False,False,True,False,False,False,0,0
1.0,1.0,1.0,0.0,0.18055555555555555,1.0,1.0,0.5,0.0,0.0,0.0,0.0,1.0,1.0,0.0,1.0,0.6666666666666666,0.7661691542288559,0.06554364471669219,1.0,0.1383360972913212,True,False,False,False,True,False,False,False,1,1
0.0,0.0,1.0,1.0,0.9027777777777777,1.0,1.0,0.0,1.0,1.0,1.0,1.0,1.0,1.0,1.0,1.0,1.0,0.7184079601990051,0.7474732006125574,0.0,0.648562741846324,False,False,True,False,False,False,True,False,0,0
0.0,0.0,1.0,1.0,0.19444444444444442,1.0,0.0,0.5,0.0,0.0,0.0,0.0,0.0,0.0,0.0,0.0,0.6666666666666666,0.5169154228855722,0.013782542113323124,0.0,0.10051133222775015,True,False,False,False,True,False,False,False,0,0
0.0,0.0,1.0,1.0,0.2361111111111111,1.0,1.0,0.5,0.0,0.0,0.0,0.0,0.0,1.0,0.0,1.0,0.6666666666666666,0.6686567164179106,0.12817764165390505,1.0,0.15787728026533998,True,False,False,False,True,False,False,False,1,1
0.0,0.0,0.0,0.0,0.4305555555555555,1.0,0.0,1.0,0.5,0.5,0.5,0.5,0.5,0.5,0.5,0.0,1.0,0.026865671641791024,0.8261868300153139,0.0,0.011567164179104467,False,False,False,True,False,False,False,True,0,0
1.0,0.0,1.0,1.0,0.3333333333333333,1.0,1.0,1.0,0.5,0.5,0.5,0.5,0.5,0.5,1.0,0.0,1.0,0.05920398009950249,0.7615620214395099,0.0,0.019734660033167498,False,False,False,True,False,False,False,True,0,0
0.0,0.0,0.0,0.0,0.041666666666666664,1.0,0.0,1.0,0.5,0.5,0.5,0.5,0.5,0.5,0.0,0.0,0.6666666666666666,0.019402985074626847,0.79739663093415,0.0,0.0008084577114427853,False,False,False,True,False,False,False,True,0,0
1.0,0.0,0.0,0.0,0.2361111111111111,1.0,0.0,0.5,0.0,0.0,1.0,0.0,0.0,0.0,0.0,1.0,0.6666666666666666,0.5810945273631842,0.08820826952526799,1.0,0.1372028745163074,True,False,False,False,True,False,False,False,1,1
1.0,0.0,0.0,0.0,0.9166666666666666,1.0,1.0,0.0,1.0,1.0,1.0,1.0,0.0,0.0,1.0,0.0,0.0,0.5024875621890548,0.5776416539050536,0.0,0.4606135986733002,False,False,True,False,False,False,True,False,0,0
1.0,0.0,1.0,0.0,0.625,1.0,0.0,0.0,1.0,0.0,1.0,0.0,0.0,0.0,1.0,0.0,0.3333333333333333,0.34875621890547265,0.2966309341500766,0.0,0.2179726368159204,False,True,False,False,False,True,False,False,0,0
1.0,0.0,1.0,0.0,0.4861111111111111,1.0,1.0,0.5,0.0,0.0,0.0,1.0,1.0,0.0,0.0,1.0,0.3333333333333333,0.7288557213930349,0.43078101071975494,0.0,0.35430486456605864,False,True,False,False,False,True,False,False,0,0
1.0,0.0,0.0,1.0,0.5555555555555556,0.0,0.5,0.0,1.0,1.0,0.0,1.0,0.0,0.0,0.5,0.0,1.0,0.21890547263681598,0.1549770290964778,0.0,0.12161415146489778,True,False,False,False,True,False,False,False,0,0
0.0,0.0,0.0,0.0,0.1388888888888889,1.0,0.0,0.5,1.0,0.0,0.0,0.0,1.0,0.0,0.0,1.0,1.0,0.6611940298507464,0.9411944869831547,1.0,0.09183250414593701,False,False,False,True,False,False,False,True,1,1
0.0,0.0,1.0,0.0,0.7222222222222222,1.0,0.0,0.0,1.0,0.0,1.0,0.0,1.0,0.0,0.5,1.0,1.0,0.4582089552238806,0.45267993874425727,0.0,0.3309286898839138,False,True,False,False,False,True,False,False,0,0
0.0,0.0,0.0,0.0,0.18055555555555555,1.0,0.0,1.0,0.5,0.5,0.5,0.5,0.5,0.5,0.0,0.0,0.3333333333333333,0.011940298507462675,0.2992343032159265,0.0,0.002155887230514094,False,True,False,False,False,True,False,False,0,0
0.0,1.0,0.0,0.0,0.5972222222222222,1.0,1.0,0.5,0.0,1.0,0.0,0.0,1.0,0.0,0.0,1.0,0.6666666666666666,0.7164179104477613,0.503062787136294,0.0,0.427860696517413,False,False,True,False,False,False,True,False,0,0
0.0,0.0,0.0,0.0,0.5694444444444444,1.0,0.0,1.0,0.5,0.5,0.5,0.5,0.5,0.5,0.0,0.0,0.6666666666666666,0.02189054726368159,0.9021439509954058,0.0,0.012465450525152017,False,False,False,True,False,False,False,True,0,0
0.0,1.0,0.0,0.0,0.7222222222222222,0.0,0.5,0.0,0.0,1.0,1.0,1.0,1.0,0.0,0.0,1.0,0.6666666666666666,0.3208955223880598,0.34012251148545175,0.0,0.2317578772802654,False,True,False,False,False,True,False,False,0,0
0.0,0.0,1.0,0.0,0.986111111111111,1.0,1.0,0.0,1.0,1.0,1.0,1.0,1.0,1.0,1.0,0.0,0.3333333333333333,0.7457711442786071,0.7978560490045942,0.0,0.735413211719182,False,False,False,True,False,False,False,True,0,0
1.0,0.0,0.0,0.0,0.8472222222222222,1.0,1.0,0.5,1.0,0.0,1.0,0.0,1.0,1.0,0.0,1.0,0.6666666666666666,0.8776119402985078,0.7800918836140888,0.0,0.743532338308458,False,False,False,True,False,False,False,True,0,0
0.0,0.0,0.0,0.0,0.3611111111111111,0.0,0.5,0.0,0.0,0.0,1.0,1.0,1.0,0.0,0.0,1.0,0.3333333333333333,0.26069651741293537,0.05252679938744257,0.0,0.09414040906578222,True,False,False,False,True,False,False,False,0,0
1.0,0.0,1.0,1.0,1.0,1.0,0.0,0.0,1.0,1.0,0.0,1.0,1.0,0.0,1.0,0.0,0.0,0.49900497512437825,0.6271056661562021,0.0,0.49900497512437825,False,False,True,False,False,False,True,False,0,0
0.0,0.0,0.0,0.0,0.5833333333333333,1.0,1.0,0.0,0.0,0.0,1.0,1.0,1.0,1.0,1.0,1.0,0.3333333333333333,0.5990049751243782,0.44854517611026035,0.0,0.3494195688225539,False,True,False,False,False,True,False,False,0,0
0.0,0.0,1.0,1.0,0.7916666666666666,1.0,1.0,0.0,1.0,1.0,0.0,1.0,0.0,0.0,0.0,0.0,0.0,0.4671641791044777,0.4865237366003063,0.0,0.3698383084577115,False,True,False,False,False,True,False,False,0,0
1.0,0.0,1.0,1.0,0.125,1.0,0.0,1.0,0.5,0.5,0.5,0.5,0.5,0.5,1.0,0.0,1.0,0.013432835820895526,0.24073506891271057,0.0,0.0016791044776119407,True,False,False,False,True,False,False,False,0,0
0.0,0.0,0.0,0.0,0.125,1.0,0.0,0.5,0.0,0.0,0.0,0.0,0.0,0.0,0.0,0.0,0.6666666666666666,0.5248756218905474,0.8162327718223583,1.0,0.06560945273631842,False,False,False,True,False,False,False,True,1,1
1.0,0.0,1.0,0.0,0.4583333333333333,1.0,0.0,0.0,0.0,0.0,0.0,0.0,0.0,0.0,0.0,1.0,0.3333333333333333,0.26169154228855723,0.13108728943338438,0.0,0.1199419568822554,True,False,False,False,True,False,False,False,0,0
1.0,0.0,0.0,0.0,0.013888888888888888,1.0,0.0,1.0,0.5,0.5,0.5,0.5,0.5,0.5,0.0,0.0,1.0,0.011940298507462675,0.22710566615620215,0.0,0.00016583747927031493,True,False,False,False,True,False,False,False,0,0
0.0,0.0,0.0,0.0,0.09722222222222221,1.0,0.0,0.5,0.0,0.0,0.0,0.0,1.0,0.0,0.0,1.0,0.6666666666666666,0.6044776119402986,0.6696784073506891,1.0,0.058768656716417914,False,False,True,False,False,False,True,False,1,1
1.0,0.0,0.0,0.0,0.013888888888888888,1.0,0.0,0.5,0.0,0.0,0.0,0.0,0.0,0.0,0.0,1.0,1.0,0.5303482587064677,0.8529862174578866,1.0,0.0073659480375898295,False,False,False,True,False,False,False,True,1,1
1.0,0.0,1.0,1.0,0.9027777777777777,1.0,0.0,1.0,0.5,0.5,0.5,0.5,0.5,0.5,1.0,0.0,1.0,0.016417910447761173,0.08177641653905053,0.0,0.01482172470978439,True,False,False,False,True,False,False,False,0,0
1.0,0.0,0.0,0.0,0.1388888888888889,1.0,1.0,0.5,0.0,0.0,0.0,0.0,1.0,0.0,0.0,1.0,0.0,0.6746268656716419,0.9424196018376723,1.0,0.09369817578772804,False,False,False,True,False,False,False,True,1,1
1.0,0.0,1.0,0.0,0.9722222222222222,1.0,1.0,0.5,0.0,1.0,1.0,0.0,1.0,0.0,0.5,1.0,0.0,0.7636815920398012,0.8068912710566616,0.0,0.74246821448314,False,False,False,True,False,False,False,True,0,0
0.0,0.0,0.0,0.0,0.40277777777777773,1.0,1.0,0.5,0.0,0.0,1.0,0.0,1.0,1.0,0.0,1.0,0.3333333333333333,0.7995024875621892,0.388208269525268,1.0,0.32202183526810396,False,True,False,False,False,True,False,False,1,1
1.0,0.0,1.0,1.0,0.29166666666666663,1.0,1.0,0.5,0.0,1.0,1.0,0.0,1.0,1.0,0.0,0.0,0.6666666666666666,0.857213930348259,0.27151607963246555,1.0,0.25002072968490885,False,True,False,False,False,True,False,False,1,1
1.0,0.0,1.0,0.0,0.013888888888888888,1.0,0.0,0.5,0.0,0.0,0.0,0.0,1.0,1.0,0.0,1.0,0.6666666666666666,0.7213930348258707,0.9687595712098009,1.0,0.01001934770591487,False,False,False,True,False,False,False,True,1,1
1.0,0.0,0.0,0.0,0.06944444444444445,1.0,0.0,1.0,0.5,0.5,0.5,0.5,0.5,0.5,0.0,0.0,1.0,0.019900497512437807,0.027258805513016845,0.0,0.0013819789939192922,True,False,False,False,True,False,False,False,0,0
1.0,0.0,1.0,0.0,0.7777777777777777,1.0,0.0,0.5,0.0,0.0,0.0,0.0,1.0,1.0,0.0,0.0,1.0,0.7109452736318409,0.6424196018376722,0.0,0.5529574350469872,False,False,True,False,False,False,True,False,0,0
1.0,0.0,0.0,1.0,0.4861111111111111,1.0,0.0,0.5,0.0,0.0,1.0,0.0,1.0,0.0,0.5,1.0,0.6666666666666666,0.6656716417910449,0.4036753445635528,1.0,0.3235903814262024,False,True,False,False,False,True,False,False,1,1
1.0,0.0,1.0,1.0,0.1388888888888889,1.0,0.0,1.0,0.5,0.5,0.5,0.5,0.5,0.5,0.5,0.0,1.0,0.02189054726368159,0.3162327718223583,0.0,0.0030403537866224434,False,True,False,False,False,True,False,False,0,0
0.0,0.0,0.0,0.0,0.4305555555555555,0.0,0.5,0.0,1.0,1.0,0.0,1.0,0.0,1.0,1.0,1.0,0.0,0.31442786069651746,0.1442572741194487,0.0,0.1353786622443339,True,False,False,False,True,False,False,False,0,0
1.0,1.0,1.0,0.0,0.5138888888888888,1.0,1.0,0.5,0.0,0.0,0.0,0.0,1.0,0.0,0.0,1.0,0.6666666666666666,0.6711442786069652,0.4218989280245023,1.0,0.3448935876174682,False,True,False,False,False,True,False,False,1,1
1.0,1.0,1.0,0.0,0.7916666666666666,1.0,1.0,0.5,0.0,1.0,1.0,0.0,0.0,1.0,0.0,1.0,0.0,0.7661691542288559,0.6901990811638591,1.0,0.6065505804311776,False,False,True,False,False,False,True,False,1,1
0.0,0.0,1.0,1.0,0.4722222222222222,1.0,1.0,1.0,0.5,0.5,0.5,0.5,0.5,0.5,0.5,1.0,0.3333333333333333,0.07313432835820895,0.9739663093415007,0.0,0.03453565505804311,False,False,False,True,False,False,False,True,0,0
0.0,0.0,0.0,0.0,0.041666666666666664,1.0,0.0,0.5,1.0,0.0,1.0,0.0,1.0,1.0,0.0,1.0,0.3333333333333333,0.8034825870646768,0.3793261868300153,1.0,0.033478441127694866,False,True,False,False,False,True,False,False,1,1
0.0,0.0,0.0,0.0,0.05555555555555555,1.0,0.0,0.5,0.0,0.0,1.0,0.0,0.0,1.0,0.0,1.0,0.3333333333333333,0.6427860696517413,0.4246554364471669,0.0,0.03571033720287452,False,True,False,False,False,True,False,False,0,0
0.0,0.0,0.0,0.0,0.75,1.0,0.0,1.0,0.5,0.5,0.5,0.5,0.5,0.5,1.0,1.0,1.0,0.022388059701492522,0.011332312404287902,0.0,0.016791044776119392,True,False,False,False,True,False,False,False,0,0
1.0,0.0,0.0,1.0,0.08333333333333333,1.0,0.0,1.0,0.5,0.5,0.5,0.5,0.5,0.5,0.0,0.0,1.0,0.01442786069651739,0.03231240428790199,0.0,0.0012023217247097823,True,False,False,False,True,False,False,False,0,0
1.0,0.0,1.0,0.0,0.3055555555555555,1.0,0.0,0.0,1.0,0.0,0.0,0.0,1.0,0.0,0.5,1.0,0.0,0.4129353233830847,0.10336906584992343,0.0,0.12617468214483143,True,False,False,False,True,False,False,False,0,0
1.0,0.0,0.0,0.0,0.3194444444444444,1.0,1.0,0.5,0.0,0.0,1.0,1.0,1.0,0.0,0.0,1.0,0.3333333333333333,0.7825870646766172,0.2623277182235835,0.0,0.24999309010503049,False,True,False,False,False,True,False,False,0,0
0.0,0.0,1.0,0.0,0.9444444444444444,1.0,1.0,0.0,1.0,0.0,0.0,1.0,0.0,0.0,0.5,0.0,0.0,0.3980099502487563,0.52052067381317,0.0,0.3758982863460476,False,False,True,False,False,False,True,False,0,0
0.0,0.0,1.0,1.0,0.6666666666666666,1.0,0.0,1.0,0.5,0.5,0.5,0.5,0.5,0.5,1.0,0.0,1.0,0.017412935323383064,0.9813169984686064,0.0,0.011608623548922042,False,False,False,True,False,False,False,True,0,0
1.0,0.0,1.0,1.0,0.4722222222222222,1.0,0.0,1.0,0.5,0.5,0.5,0.5,0.5,0.5,0.0,0.0,1.0,0.0253731343283582,0.785145482388974,0.0,0.011981757877280261,False,False,False,True,False,False,False,True,0,0
0.0,0.0,0.0,0.0,0.5694444444444444,1.0,0.0,0.0,1.0,0.0,1.0,1.0,1.0,1.0,0.5,1.0,0.0,0.6129353233830847,0.44180704441041346,0.0,0.3490326147042565,False,True,False,False,False,True,False,False,0,0
1.0,0.0,0.0,0.0,0.125,1.0,1.0,0.5,0.0,0.0,0.0,0.0,0.0,0.0,0.0,1.0,0.6666666666666666,0.573134328358209,0.8633996937212863,0.0,0.07164179104477612,False,False,False,True,False,False,False,True,0,0
0.0,1.0,0.0,0.0,0.25,1.0,1.0,0.5,0.0,1.0,0.0,1.0,1.0,1.0,0.0,1.0,0.3333333333333333,0.8492537313432836,0.20735068912710566,0.0,0.2123134328358209,True,False,False,False,True,False,False,False,0,0
1.0,0.0,0.0,0.0,0.4861111111111111,1.0,1.0,0.5,0.0,0.0,1.0,1.0,1.0,0.0,0.0,0.0,0.6666666666666666,0.7686567164179107,0.4534456355283308,0.0,0.3736525704809288,False,True,False,False,False,True,False,False,0,0
1.0,0.0,1.0,1.0,0.7638888888888888,1.0,0.0,0.5,0.0,1.0,0.0,1.0,0.0,0.0,0.0,0.0,0.6666666666666666,0.6084577114427863,0.5535987748851454,0.0,0.46479408512990616,False,False,True,False,False,False,True,False,0,0
1.0,0.0,0.0,0.0,0.75,1.0,1.0,0.5,1.0,1.0,0.0,1.0,1.0,1.0,1.0,1.0,0.3333333333333333,0.893034825870647,0.7283307810107197,0.0,0.6697761194029852,False,False,True,False,False,False,True,False,0,0
0.0,1.0,0.0,0.0,0.027777777777777776,1.0,1.0,0.5,0.0,0.0,1.0,0.0,0.0,0.0,0.0,1.0,0.6666666666666666,0.6000000000000001,0.1352220520673813,1.0,0.01666666666666667,True,False,False,False,True,False,False,False,1,1
1.0,0.0,1.0,0.0,0.7222222222222222,1.0,0.0,0.5,1.0,1.0,1.0,1.0,1.0,1.0,1.0,1.0,0.6666666666666666,0.8761194029850748,0.6972434915773353,0.0,0.6327529021558874,False,False,True,False,False,False,True,False,0,0
1.0,0.0,0.0,0.0,1.0,1.0,1.0,0.0,1.0,1.0,1.0,1.0,0.0,0.0,1.0,0.0,0.0,0.5114427860696519,0.636906584992343,0.0,0.5114427860696519,False,False,True,False,False,False,True,False,0,0
1.0,0.0,1.0,0.0,0.125,1.0,0.0,0.0,0.0,0.0,1.0,0.0,1.0,1.0,0.0,1.0,1.0,0.5154228855721393,0.7151607963246555,0.0,0.06442786069651742,False,False,True,False,False,False,True,False,0,0
0.0,0.0,1.0,1.0,0.041666666666666664,1.0,0.0,0.5,0.0,0.0,0.0,0.0,0.0,0.0,0.0,1.0,0.6666666666666666,0.5104477611940299,0.24900459418070445,0.0,0.02126865671641791,False,True,False,False,False,True,False,False,0,0
1.0,1.0,0.0,0.0,0.05555555555555555,1.0,0.0,0.5,1.0,0.0,0.0,0.0,0.0,0.0,0.0,0.0,0.6666666666666666,0.5681592039800996,0.36385911179173047,0.0,0.03156440022111664,False,True,False,False,False,True,False,False,0,0
1.0,0.0,1.0,1.0,0.9583333333333333,1.0,0.0,0.0,1.0,1.0,1.0,1.0,1.0,0.0,1.0,1.0,0.0,0.5721393034825871,0.6863705972434916,0.0,0.5483001658374793,False,False,True,False,False,False,True,False,0,0
0.0,0.0,1.0,1.0,0.9305555555555555,0.0,0.5,0.0,1.0,0.0,0.0,1.0,0.0,0.0,1.0,0.0,0.3333333333333333,0.17363184079601993,0.3364471669218989,0.0,0.1615740740740741,False,True,False,False,False,True,False,False,0,0
1.0,0.0,0.0,0.0,0.05555555555555555,1.0,0.0,0.5,0.0,0.0,0.0,0.0,0.0,1.0,0.0,1.0,0.6666666666666666,0.6134328358208957,0.43169984686064317,1.0,0.03407960199004976,False,True,False,False,False,True,False,False,1,1
1.0,0.0,0.0,0.0,0.18055555555555555,0.0,0.5,0.0,1.0,0.0,0.0,1.0,1.0,0.0,0.0,1.0,0.3333333333333333,0.27164179104477615,0.7491577335375191,1.0,0.04904643449419569,False,False,True,False,False,False,True,False,1,1
0.0,0.0,1.0,1.0,0.625,1.0,0.0,0.0,1.0,0.0,1.0,1.0,1.0,1.0,1.0,1.0,1.0,0.6243781094527364,0.4690658499234303,0.0,0.39023631840796025,False,True,False,False,False,True,False,False,0,0
1.0,0.0,0.0,0.0,0.9444444444444444,1.0,1.0,0.5,1.0,1.0,1.0,0.0,1.0,0.0,0.5,0.0,0.0,0.8268656716417911,0.8545176110260336,0.0,0.7809286898839138,False,False,False,True,False,False,False,True,0,0
0.0,0.0,1.0,1.0,0.9583333333333333,1.0,1.0,0.0,1.0,1.0,0.0,1.0,1.0,0.0,0.5,0.0,0.3333333333333333,0.5517412935323385,0.6318529862174579,0.0,0.528752072968491,False,False,True,False,False,False,True,False,0,0
0.0,0.0,0.0,0.0,0.9722222222222222,0.0,0.5,0.0,1.0,0.0,1.0,1.0,1.0,1.0,1.0,1.0,0.0,0.39900497512437827,0.5509954058192955,0.0,0.38792150359314553,False,False,True,False,False,False,True,False,0,0
0.0,0.0,0.0,0.0,0.013888888888888888,1.0,0.0,1.0,0.5,0.5,0.5,0.5,0.5,0.5,0.0,1.0,1.0,0.016417910447761173,0.22848392036753445,1.0,0.00022802653399668293,True,False,False,False,True,False,False,False,1,1
0.0,0.0,1.0,1.0,0.625,1.0,1.0,1.0,0.5,0.5,0.5,0.5,0.5,0.5,0.5,1.0,0.3333333333333333,0.0761194029850746,0.06079632465543645,0.0,0.04757462686567162,True,False,False,False,True,False,False,False,0,0
0.0,0.0,0.0,1.0,0.5138888888888888,1.0,0.0,1.0,0.5,0.5,0.5,0.5,0.5,0.5,0.5,0.0,0.0,0.020398009950248767,0.8880551301684533,0.0,0.010482310668877837,False,False,False,True,False,False,False,True,0,0
0.0,0.0,0.0,1.0,0.1388888888888889,0.0,0.5,0.0,1.0,1.0,0.0,1.0,0.0,0.0,0.5,0.0,1.0,0.21890547263681598,0.5361408882082696,0.0,0.030403537866224444,False,False,True,False,False,False,True,False,0,0
0.0,0.0,0.0,1.0,0.013888888888888888,1.0,0.0,0.5,0.0,0.0,0.0,0.0,1.0,1.0,0.0,1.0,0.6666666666666666,0.7074626865671642,0.9647779479326186,0.0,0.009825870646766169,False,False,False,True,False,False,False,True,0,0
1.0,0.0,1.0,1.0,0.40277777777777773,1.0,1.0,0.0,1.0,0.0,0.0,1.0,1.0,0.0,0.5,0.0,0.0,0.5054726368159205,0.23889739663093415,0.0,0.20359314538419016,True,False,False,False,True,False,False,False,0,0
1.0,1.0,1.0,1.0,1.0,1.0,0.0,0.5,1.0,0.0,1.0,1.0,1.0,1.0,1.0,1.0,0.3333333333333333,0.8542288557213932,0.8800918836140887,0.0,0.8542288557213932,False,False,False,True,False,False,False,True,0,0
0.0,0.0,0.0,0.0,0.027777777777777776,1.0,1.0,0.5,0.0,0.0,0.0,0.0,0.0,0.0,0.0,1.0,0.6666666666666666,0.57363184079602,0.1215926493108729,1.0,0.015934217799889443,True,False,False,False,True,False,False,False,1,1
1.0,0.0,1.0,0.0,0.3333333333333333,1.0,0.0,0.0,1.0,0.0,0.0,1.0,0.0,0.0,0.0,0.0,1.0,0.35174129353233835,0.0885145482388974,0.0,0.11724709784411277,True,False,False,False,True,False,False,False,0,0
0.0,0.0,0.0,0.0,0.05555555555555555,1.0,0.0,0.5,0.0,0.0,0.0,0.0,0.0,1.0,0.0,1.0,0.6666666666666666,0.6059701492537315,0.42159264931087287,1.0,0.03366500829187397,False,True,False,False,False,True,False,False,1,1
1.0,0.0,1.0,0.0,1.0,1.0,0.0,1.0,0.5,0.5,0.5,0.5,0.5,0.5,1.0,0.0,0.3333333333333333,0.01044776119402985,0.08560490045941807,0.0,0.01044776119402985,True,False,False,False,True,False,False,False,0,0
0.0,0.0,0.0,0.0,0.15277777777777776,1.0,1.0,0.5,1.0,0.0,0.0,0.0,0.0,0.0,0.0,1.0,0.0,0.6044776119402986,0.9782542113323124,0.0,0.09235074626865672,False,False,False,True,False,False,False,True,0,0
0.0,0.0,0.0,1.0,0.611111111111111,1.0,0.0,1.0,0.5,0.5,0.5,0.5,0.5,0.5,1.0,0.0,1.0,0.016417910447761173,0.9591117917304747,0.0,0.01003316749585405,False,False,False,True,False,False,False,True,0,0
1.0,0.0,1.0,1.0,0.861111111111111,1.0,0.0,1.0,0.5,0.5,0.5,0.5,0.5,0.5,1.0,0.0,0.0,0.02189054726368159,0.08284839203675344,0.0,0.018850193477059147,True,False,False,False,True,False,False,False,0,0
1.0,0.0,1.0,1.0,0.9722222222222222,1.0,1.0,1.0,0.5,0.5,0.5,0.5,0.5,0.5,1.0,0.0,1.0,0.07114427860696516,0.2012251148545176,0.0,0.06916804864566058,True,False,False,False,True,False,False,False,0,0
0.0,1.0,0.0,0.0,0.013888888888888888,0.0,0.5,0.0,0.0,0.0,0.0,0.0,0.0,0.0,0.0,0.0,1.0,0.06766169154228856,0.32894333843797857,1.0,0.0009397457158651188,False,True,False,False,False,True,False,False,1,1
0.0,0.0,0.0,0.0,0.05555555555555555,1.0,0.0,0.5,0.0,1.0,1.0,1.0,1.0,1.0,0.5,1.0,0.6666666666666666,0.8696517412935326,0.5765696784073506,1.0,0.048313985627418475,False,False,True,False,False,False,True,False,1,1
0.0,1.0,0.0,0.0,0.027777777777777776,1.0,1.0,0.5,0.0,0.0,0.0,0.0,1.0,0.0,0.0,1.0,0.6666666666666666,0.6696517412935324,0.22082695252679937,1.0,0.018601437258153677,True,False,False,False,True,False,False,False,1,1
0.0,0.0,0.0,0.0,0.5694444444444444,1.0,1.0,0.0,0.0,1.0,0.0,0.0,0.0,0.0,0.5,1.0,0.3333333333333333,0.3786069651741294,0.30627871362940273,0.0,0.21559563294637923,False,True,False,False,False,True,False,False,0,0
0.0,1.0,0.0,0.0,0.013888888888888888,1.0,0.0,1.0,0.5,0.5,0.5,0.5,0.5,0.5,0.0,1.0,0.6666666666666666,0.011940298507462675,0.22710566615620215,1.0,0.00016583747927031493,True,False,False,False,True,False,False,False,1,1
1.0,1.0,1.0,0.0,1.0,1.0,1.0,0.0,1.0,1.0,1.0,0.0,1.0,1.0,1.0,1.0,0.3333333333333333,0.655223880597015,0.7503828483920367,0.0,0.655223880597015,False,False,True,False,False,False,True,False,0,0
0.0,0.0,1.0,0.0,0.875,1.0,1.0,0.5,0.0,1.0,1.0,1.0,1.0,1.0,1.0,1.0,0.0,0.9054726368159206,0.8275650842266462,0.0,0.7922885572139305,False,False,False,True,False,False,False,True,0,0
1.0,0.0,0.0,0.0,0.9444444444444444,1.0,0.0,0.5,0.0,1.0,1.0,0.0,0.0,0.0,0.5,0.0,0.3333333333333333,0.6104477611940299,0.6949464012251149,0.0,0.5765339966832504,False,False,True,False,False,False,True,False,0,0
0.0,1.0,0.0,0.0,0.8194444444444444,1.0,1.0,0.5,0.0,0.0,1.0,0.0,1.0,1.0,0.5,1.0,0.6666666666666666,0.8084577114427862,0.739969372128637,0.0,0.6624861802100609,False,False,True,False,False,False,True,False,0,0
1.0,1.0,0.0,0.0,0.7222222222222222,0.0,0.5,0.0,1.0,0.0,0.0,0.0,1.0,1.0,0.0,1.0,0.3333333333333333,0.30398009950248756,0.33889739663093416,0.0,0.21954118297401878,False,True,False,False,False,True,False,False,0,0
1.0,1.0,1.0,1.0,0.3611111111111111,1.0,1.0,0.5,0.0,1.0,1.0,0.0,1.0,1.0,0.0,0.0,0.6666666666666666,0.8706467661691545,0.36049004594180706,1.0,0.3144002211166391,False,True,False,False,False,True,False,False,1,1
1.0,0.0,1.0,0.0,0.9166666666666666,0.0,0.5,0.0,1.0,1.0,1.0,1.0,1.0,0.0,1.0,1.0,0.0,0.3815920398009951,0.49770290964777947,0.0,0.34979270315091215,False,False,True,False,False,False,True,False,0,0
0.0,1.0,1.0,0.0,0.7777777777777777,1.0,1.0,0.5,1.0,1.0,1.0,1.0,0.0,0.0,0.5,0.0,0.6666666666666666,0.7701492537313436,0.695865237366003,0.0,0.5990049751243782,False,False,True,False,False,False,True,False,0,0
0.0,0.0,1.0,0.0,1.0,1.0,1.0,0.0,1.0,1.0,1.0,1.0,1.0,0.0,1.0,0.0,0.3333333333333333,0.6064676616915424,0.6883614088820826,0.0,0.6064676616915424,False,False,True,False,False,False,True,False,0,0
1.0,1.0,1.0,0.0,0.027777777777777776,1.0,0.0,0.5,0.0,0.0,0.0,0.0,0.0,0.0,0.0,0.0,0.6666666666666666,0.5159203980099503,0.11470137825421133,0.0,0.014331122166943062,True,False,False,False,True,False,False,False,0,0
1.0,0.0,0.0,0.0,0.9444444444444444,1.0,1.0,0.5,1.0,1.0,1.0,1.0,1.0,1.0,0.5,1.0,0.3333333333333333,0.9845771144278609,0.9241960183767228,0.0,0.9298783858485352,False,False,False,True,False,False,False,True,0,0
1.0,0.0,1.0,1.0,0.8472222222222222,1.0,0.0,0.0,1.0,1.0,1.0,1.0,1.0,1.0,0.5,0.0,0.0,0.6631840796019902,0.6744257274119448,0.0,0.5618642896627972,False,False,True,False,False,False,True,False,0,0
1.0,0.0,0.0,0.0,0.013888888888888888,1.0,0.0,1.0,0.5,0.5,0.5,0.5,0.5,0.5,0.0,0.0,1.0,0.017910447761194024,0.24609494640122512,0.0,0.00024875621890547257,True,False,False,False,True,False,False,False,0,0
1.0,0.0,0.0,0.0,0.027777777777777776,1.0,0.0,1.0,0.5,0.5,0.5,0.5,0.5,0.5,0.0,1.0,0.3333333333333333,0.016417910447761173,0.43843797856049005,0.0,0.00045605306799336587,False,True,False,False,False,True,False,False,0,0
0.0,0.0,0.0,0.0,0.027777777777777776,1.0,0.0,1.0,0.5,0.5,0.5,0.5,0.5,0.5,0.0,0.0,1.0,0.012437810945273634,0.4131699846860643,1.0,0.00034549474847982316,False,True,False,False,False,True,False,False,1,1
1.0,1.0,1.0,1.0,0.9444444444444444,1.0,1.0,0.5,0.0,1.0,1.0,0.0,0.0,0.0,0.0,1.0,0.6666666666666666,0.6606965174129354,0.718989280245023,0.0,0.623991155334439,False,False,True,False,False,False,True,False,0,0
1.0,0.0,0.0,0.0,0.125,1.0,0.0,0.0,1.0,0.0,1.0,1.0,0.0,1.0,0.0,1.0,0.0,0.49751243781094534,0.7281776416539051,0.0,0.06218905472636817,False,False,True,False,False,False,True,False,0,0
1.0,0.0,0.0,0.0,0.18055555555555555,1.0,0.0,0.5,0.0,0.0,1.0,0.0,1.0,0.0,0.0,1.0,0.6666666666666666,0.646268656716418,0.018529862174578866,1.0,0.11668739635157546,True,False,False,False,True,False,False,False,1,1
0.0,0.0,0.0,0.0,0.3055555555555555,1.0,0.0,1.0,0.5,0.5,0.5,0.5,0.5,0.5,0.0,1.0,1.0,0.017910447761194024,0.6098009188361408,0.0,0.005472636815920396,False,False,True,False,False,False,True,False,0,0
1.0,0.0,0.0,1.0,0.9166666666666666,1.0,1.0,1.0,0.5,0.5,0.5,0.5,0.5,0.5,1.0,1.0,0.3333333333333333,0.0701492537313433,0.17779479326186828,0.0,0.06430348258706468,True,False,False,False,True,False,False,False,0,0
1.0,0.0,0.0,1.0,0.1111111111111111,1.0,0.0,1.0,0.5,0.5,0.5,0.5,0.5,0.5,0.0,0.0,1.0,0.0208955223880597,0.2004594180704441,0.0,0.0023217247097844108,True,False,False,False,True,False,False,False,0,0
1.0,0.0,1.0,1.0,0.027777777777777776,1.0,0.0,0.5,0.0,0.0,0.0,0.0,0.0,0.0,0.0,0.0,1.0,0.5144278606965176,0.12189892802450229,0.0,0.014289662797125487,True,False,False,False,True,False,False,False,0,0
1.0,0.0,1.0,0.0,0.041666666666666664,1.0,0.0,0.0,0.0,0.0,1.0,1.0,0.0,0.0,0.0,1.0,1.0,0.3736318407960199,0.14900459418070444,0.0,0.015567993366500828,True,False,False,False,True,False,False,False,0,0
1.0,0.0,0.0,0.0,0.06944444444444445,1.0,1.0,0.5,0.0,0.0,1.0,0.0,1.0,0.0,0.0,1.0,0.6666666666666666,0.7388059701492539,0.5891271056661562,1.0,0.05130597014925374,False,False,True,False,False,False,True,False,1,1
1.0,0.0,0.0,0.0,0.18055555555555555,1.0,0.0,1.0,0.5,0.5,0.5,0.5,0.5,0.5,1.0,0.0,0.3333333333333333,0.017412935323383064,0.3569678407350689,0.0,0.0031440022111663864,False,True,False,False,False,True,False,False,0,0
1.0,0.0,1.0,1.0,0.736111111111111,1.0,0.0,0.0,0.0,1.0,0.0,1.0,1.0,0.0,0.0,0.0,0.3333333333333333,0.4651741293532339,0.4468606431852986,0.0,0.34241984521835267,False,True,False,False,False,True,False,False,0,0
1.0,0.0,1.0,0.0,0.041666666666666664,1.0,0.0,1.0,0.5,0.5,0.5,0.5,0.5,0.5,0.0,0.0,0.0,0.017412935323383064,0.6343032159264931,0.0,0.0007255389718076276,False,False,True,False,False,False,True,False,0,0
1.0,0.0,0.0,0.0,0.6388888888888888,1.0,1.0,0.5,0.0,1.0,1.0,0.0,1.0,0.0,0.5,1.0,0.3333333333333333,0.7626865671641794,0.5759571209800919,0.0,0.4872719734660034,False,False,True,False,False,False,True,False,0,0
0.0,0.0,0.0,0.0,0.5416666666666666,0.0,0.5,0.0,1.0,1.0,0.0,1.0,0.0,0.0,0.5,1.0,0.0,0.21940298507462686,0.169218989280245,0.0,0.11884328358208954,True,False,False,False,True,False,False,False,0,0
0.0,0.0,1.0,1.0,0.41666666666666663,1.0,1.0,0.5,0.0,1.0,1.0,1.0,1.0,1.0,0.0,1.0,0.6666666666666666,0.8880597014925374,0.43215926493108725,0.0,0.37002487562189057,False,True,False,False,False,True,False,False,0,0
0.0,0.0,0.0,0.0,0.3194444444444444,1.0,1.0,0.5,0.0,1.0,0.0,0.0,1.0,1.0,0.0,1.0,0.3333333333333333,0.8004975124378112,0.288208269525268,0.0,0.25571448313985634,False,True,False,False,False,True,False,False,0,0
1.0,0.0,0.0,1.0,0.5555555555555556,1.0,0.0,1.0,0.5,0.5,0.5,0.5,0.5,0.5,0.5,1.0,0.0,0.02139303482587063,0.9531393568147013,0.0,0.011885019347705906,False,False,False,True,False,False,False,True,0,0
0.0,0.0,0.0,0.0,0.625,1.0,0.0,0.0,1.0,1.0,0.0,1.0,0.0,0.0,0.5,1.0,0.3333333333333333,0.44079601990049755,0.37105666156202144,0.0,0.27549751243781095,False,True,False,False,False,True,False,False,0,0
1.0,0.0,0.0,0.0,0.736111111111111,1.0,0.0,1.0,0.5,0.5,0.5,0.5,0.5,0.5,1.0,0.0,0.0,0.013930348258706458,0.9947932618683001,0.0,0.010254284134881142,False,False,False,True,False,False,False,True,0,0
0.0,1.0,1.0,0.0,1.0,1.0,1.0,0.5,1.0,1.0,1.0,0.0,1.0,1.0,1.0,1.0,0.6666666666666666,0.9368159203980101,0.9248085758039816,0.0,0.9368159203980101,False,False,False,True,False,False,False,True,0,0
1.0,0.0,1.0,1.0,0.38888888888888884,1.0,0.0,1.0,0.5,0.5,0.5,0.5,0.5,0.5,1.0,1.0,0.3333333333333333,0.020398009950248767,0.6300153139356814,0.0,0.007932559425096741,False,False,True,False,False,False,True,False,0,0
0.0,0.0,0.0,0.0,0.6805555555555555,1.0,0.0,0.0,1.0,1.0,1.0,1.0,0.0,0.0,1.0,0.0,0.0,0.4890547263681594,0.43966309341500764,0.0,0.3328289110005529,False,True,False,False,False,True,False,False,0,0
1.0,0.0,1.0,0.0,0.013888888888888888,1.0,1.0,0.5,0.0,0.0,0.0,0.0,0.0,0.0,0.0,1.0,0.0,0.5606965174129354,0.8762633996937212,1.0,0.007787451630735213,False,False,False,True,False,False,False,True,1,1
0.0,0.0,1.0,0.0,0.2777777777777778,1.0,0.0,0.5,0.0,0.0,1.0,1.0,0.0,0.0,0.0,1.0,1.0,0.6243781094527364,0.18055130168453293,0.0,0.17343836373687124,True,False,False,False,True,False,False,False,0,0
0.0,0.0,1.0,1.0,0.736111111111111,1.0,0.0,0.0,0.0,0.0,1.0,0.0,0.0,1.0,0.5,0.0,0.3333333333333333,0.42139303482587076,0.4379785604900459,0.0,0.31019209508015483,False,True,False,False,False,True,False,False,0,0
1.0,0.0,1.0,0.0,0.9305555555555555,1.0,0.0,0.0,1.0,1.0,0.0,1.0,0.0,1.0,1.0,1.0,0.3333333333333333,0.5069651741293534,0.6055130168453292,0.0,0.4717592592592594,False,False,True,False,False,False,True,False,0,0
1.0,0.0,0.0,0.0,0.15277777777777776,1.0,0.0,0.5,0.0,0.0,0.0,1.0,0.0,0.0,0.0,1.0,0.6666666666666666,0.5532338308457712,0.9771822358346095,1.0,0.08452183526810392,False,False,False,True,False,False,False,True,1,1
0.0,0.0,1.0,1.0,0.7222222222222222,1.0,0.0,0.5,0.0,1.0,1.0,1.0,0.0,0.0,0.0,0.0,0.0,0.6721393034825871,0.5767228177641653,0.0,0.4854339414040907,False,False,True,False,False,False,True,False,0,0
0.0,0.0,0.0,0.0,0.013888888888888888,1.0,0.0,0.5,0.0,0.0,0.0,0.0,1.0,1.0,0.0,0.0,0.6666666666666666,0.719402985074627,0.9684532924961715,1.0,0.009991708126036485,False,False,False,True,False,False,False,True,1,1
0.0,0.0,0.0,0.0,0.6666666666666666,1.0,0.0,0.0,1.0,1.0,0.0,0.0,0.0,0.0,1.0,0.0,0.3333333333333333,0.3706467661691543,0.3485451761102603,0.0,0.24709784411276953,False,True,False,False,False,True,False,False,0,0
0.0,0.0,0.0,0.0,0.09722222222222221,1.0,1.0,0.5,0.0,0.0,0.0,0.0,0.0,0.0,0.0,0.0,1.0,0.5691542288557215,0.6211332312404287,1.0,0.05533443891652848,False,False,True,False,False,False,True,False,1,1
1.0,0.0,1.0,1.0,0.09722222222222221,1.0,0.0,0.0,1.0,0.0,1.0,1.0,0.0,1.0,0.0,1.0,0.3333333333333333,0.5283582089552239,0.6629402756508422,0.0,0.05136815920398009,False,False,True,False,False,False,True,False,0,0
0.0,0.0,0.0,1.0,0.16666666666666666,1.0,1.0,0.5,0.0,0.0,0.0,0.0,1.0,0.0,0.0,1.0,0.6666666666666666,0.654726368159204,0.9918836140888208,0.0,0.10912106135986734,False,False,False,True,False,False,False,True,0,0
1.0,0.0,0.0,0.0,0.5555555555555556,1.0,1.0,1.0,0.5,0.5,0.5,0.5,0.5,0.5,1.0,1.0,1.0,0.06318407960199006,0.9946401225114854,0.0,0.035102266445550034,False,False,False,True,False,False,False,True,0,0
1.0,0.0,0.0,0.0,0.7638888888888888,1.0,1.0,0.0,0.0,0.0,1.0,0.0,1.0,1.0,1.0,1.0,0.0,0.5925373134328359,0.5632465543644717,0.0,0.4526326699834163,False,False,True,False,False,False,True,False,0,0
0.0,0.0,0.0,0.0,0.2777777777777778,1.0,0.0,1.0,0.5,0.5,0.5,0.5,0.5,0.5,0.5,0.0,1.0,0.012437810945273634,0.5278713629402756,0.0,0.003454947484798232,False,False,True,False,False,False,True,False,0,0
1.0,0.0,0.0,0.0,0.013888888888888888,0.0,0.5,0.0,0.0,0.0,0.0,0.0,0.0,1.0,0.0,1.0,0.6666666666666666,0.17213930348258707,0.46447166921898925,1.0,0.002390823659480376,False,True,False,False,False,True,False,False,1,1
0.0,0.0,1.0,1.0,1.0,1.0,1.0,0.0,1.0,0.0,1.0,1.0,1.0,1.0,1.0,1.0,0.0,0.656218905472637,0.7509954058192956,0.0,0.656218905472637,False,False,False,True,False,False,False,True,0,0
1.0,0.0,1.0,0.0,0.875,1.0,0.0,0.5,1.0,1.0,1.0,1.0,1.0,1.0,1.0,1.0,0.3333333333333333,0.9139303482587066,0.8150076569678407,0.0,0.7996890547263682,False,False,False,True,False,False,False,True,0,0
0.0,0.0,1.0,0.0,0.9722222222222222,0.0,0.5,0.0,1.0,1.0,1.0,1.0,1.0,1.0,1.0,0.0,0.0,0.4606965174129354,0.5868300153139356,0.0,0.4478993919292427,False,False,True,False,False,False,True,False,0,0
0.0,0.0,0.0,0.0,0.1111111111111111,1.0,0.0,0.0,0.0,0.0,1.0,1.0,0.0,1.0,0.0,0.0,1.0,0.4562189054726369,0.6539050535987748,0.0,0.05069098949695965,False,False,True,False,False,False,True,False,0,0
0.0,0.0,0.0,0.0,0.013888888888888888,1.0,0.0,0.0,0.0,0.0,0.0,0.0,0.0,0.0,0.0,1.0,0.6666666666666666,0.272636815920398,0.5851454823889739,1.0,0.003786622443338861,False,False,True,False,False,False,True,False,1,1
1.0,0.0,0.0,0.0,0.2222222222222222,1.0,0.0,1.0,0.5,0.5,0.5,0.5,0.5,0.5,1.0,0.0,1.0,0.01492537313432835,0.3761102603369066,0.0,0.0033167495854062997,False,True,False,False,False,True,False,False,0,0
0.0,0.0,0.0,1.0,0.15277777777777776,0.0,0.5,0.0,0.0,0.0,0.0,0.0,0.0,0.0,0.0,0.0,0.6666666666666666,0.06915422885572138,0.42710566615620216,0.0,0.010565229408512988,False,True,False,False,False,True,False,False,0,0
1.0,0.0,0.0,0.0,0.15277777777777776,1.0,0.0,0.5,0.0,1.0,0.0,0.0,0.0,0.0,0.0,0.0,0.6666666666666666,0.5641791044776121,0.9312404287901991,1.0,0.08619402985074628,False,False,False,True,False,False,False,True,1,1
0.0,0.0,0.0,1.0,0.5694444444444444,1.0,1.0,0.5,0.0,1.0,0.0,0.0,1.0,0.0,0.0,1.0,0.0,0.6990049751243782,0.4817764165390505,0.0,0.39804449972360423,False,True,False,False,False,True,False,False,0,0
1.0,0.0,0.0,1.0,0.19444444444444442,1.0,0.0,0.0,1.0,1.0,1.0,1.0,0.0,1.0,1.0,0.0,0.0,0.5756218905472638,0.016079632465543645,0.0,0.1119264787175235,True,False,False,False,True,False,False,False,0,0
0.0,0.0,0.0,0.0,0.8472222222222222,1.0,1.0,0.0,0.0,1.0,1.0,1.0,1.0,1.0,1.0,0.0,0.3333333333333333,0.7004975124378111,0.6813169984686064,0.0,0.5934770591487011,False,False,True,False,False,False,True,False,0,0
0.0,0.0,0.0,0.0,0.2777777777777778,1.0,0.0,0.5,1.0,0.0,1.0,0.0,1.0,0.0,0.0,1.0,0.0,0.7079601990049753,0.22113323124042877,0.0,0.19665561083471536,True,False,False,False,True,False,False,False,0,0
0.0,0.0,0.0,0.0,0.6527777777777778,1.0,1.0,0.5,0.0,1.0,1.0,0.0,1.0,1.0,0.0,1.0,0.6666666666666666,0.8771144278606967,0.6611026033690658,1.0,0.5725608070757325,False,False,True,False,False,False,True,False,1,1
1.0,0.0,1.0,1.0,0.027777777777777776,1.0,0.0,0.0,1.0,1.0,0.0,1.0,0.0,0.0,1.0,0.0,1.0,0.4104477611940299,0.08407350689127105,0.0,0.011401326699834164,True,False,False,False,True,False,False,False,0,0
1.0,0.0,1.0,1.0,0.5694444444444444,1.0,0.0,0.0,1.0,1.0,1.0,0.0,0.0,0.0,0.5,1.0,0.0,0.41840796019900506,0.3324655436447167,0.0,0.23826008844665564,False,True,False,False,False,True,False,False,0,0
0.0,0.0,1.0,0.0,1.0,1.0,1.0,1.0,0.5,0.5,0.5,0.5,0.5,0.5,1.0,1.0,0.0,0.06965174129353237,0.21454823889739663,0.0,0.06965174129353237,True,False,False,False,True,False,False,False,0,0
0.0,0.0,1.0,1.0,1.0,1.0,1.0,0.0,1.0,1.0,1.0,1.0,1.0,0.0,1.0,0.0,0.0,0.6164179104477613,0.7222052067381317,0.0,0.6164179104477613,False,False,True,False,False,False,True,False,0,0
0.0,0.0,0.0,0.0,0.6388888888888888,1.0,0.0,0.5,1.0,1.0,1.0,0.0,1.0,0.0,0.5,1.0,0.3333333333333333,0.7701492537313436,0.6041347626339969,0.0,0.49203980099502503,False,False,True,False,False,False,True,False,0,0
1.0,0.0,0.0,0.0,0.013888888888888888,1.0,0.0,1.0,0.5,0.5,0.5,0.5,0.5,0.5,0.0,0.0,1.0,0.015422885572139309,0.22817764165390506,1.0,0.0002142067440574904,True,False,False,False,True,False,False,False,1,1
1.0,0.0,0.0,1.0,0.40277777777777773,0.0,0.5,0.0,1.0,1.0,1.0,1.0,0.0,0.0,0.0,1.0,1.0,0.2661691542288558,0.0681470137825421,0.0,0.10720702045328913,True,False,False,False,True,False,False,False,0,0
0.0,0.0,0.0,0.0,0.5138888888888888,1.0,1.0,0.5,0.0,0.0,1.0,0.0,1.0,1.0,0.0,1.0,0.6666666666666666,0.8139303482587066,0.5004594180704441,0.0,0.41826976229961305,False,False,True,False,False,False,True,False,0,0
1.0,0.0,0.0,0.0,0.2638888888888889,1.0,0.0,0.0,0.0,0.0,0.0,1.0,1.0,0.0,0.0,1.0,0.3333333333333333,0.4308457711442787,0.028330781010719754,0.0,0.11369541182974022,True,False,False,False,True,False,False,False,0,0
0.0,0.0,1.0,1.0,0.6805555555555555,1.0,0.0,0.0,0.0,1.0,1.0,0.0,1.0,1.0,0.5,0.0,0.3333333333333333,0.5945273631840797,0.5013782542113323,0.0,0.4046088999447209,False,False,True,False,False,False,True,False,0,0
1.0,0.0,0.0,1.0,0.18055555555555555,1.0,0.0,0.0,0.0,0.0,0.0,0.0,0.0,0.0,0.0,0.0,1.0,0.25621890547263687,0.8052067381316999,0.0,0.046261746821448325,False,False,False,True,False,False,False,True,0,0
0.0,0.0,0.0,0.0,0.3055555555555555,1.0,0.0,0.0,1.0,0.0,0.0,0.0,0.0,0.0,0.0,1.0,0.6666666666666666,0.31393034825870647,0.01439509954058193,0.0,0.09592316196793808,True,False,False,False,True,False,False,False,0,0
0.0,1.0,0.0,0.0,0.736111111111111,1.0,0.0,0.5,1.0,1.0,0.0,1.0,0.0,1.0,0.5,1.0,1.0,0.7810945273631843,0.6678407350689127,0.0,0.5749723604201217,False,False,True,False,False,False,True,False,0,0
1.0,0.0,0.0,0.0,0.3333333333333333,1.0,0.0,0.0,1.0,0.0,0.0,0.0,0.0,0.0,0.0,1.0,0.0,0.31144278606965176,0.05895865237366003,1.0,0.10381426202321725,True,False,False,False,True,False,False,False,1,1
0.0,0.0,0.0,0.0,0.5138888888888888,1.0,0.0,1.0,0.5,0.5,0.5,0.5,0.5,0.5,1.0,0.0,1.0,0.015422885572139309,0.9306278713629402,0.0,0.007925649530127143,False,False,False,True,False,False,False,True,0,0
1.0,0.0,1.0,1.0,0.08333333333333333,1.0,0.0,0.0,0.0,1.0,1.0,0.0,0.0,0.0,0.0,1.0,1.0,0.3686567164179105,0.43154670750382845,1.0,0.03072139303482587,False,True,False,False,False,True,False,False,1,1
0.0,0.0,0.0,0.0,0.09722222222222221,1.0,1.0,0.5,1.0,0.0,0.0,0.0,0.0,0.0,0.0,1.0,1.0,0.6109452736318409,0.7565084226646248,1.0,0.05939745715865119,False,False,False,True,False,False,False,True,1,1
0.0,0.0,1.0,1.0,0.16666666666666666,1.0,0.0,1.0,0.5,0.5,0.5,0.5,0.5,0.5,0.5,0.0,0.0,0.015422885572139309,0.29586523736600306,1.0,0.0025704809286898845,False,True,False,False,False,True,False,False,1,1
0.0,0.0,1.0,0.0,0.986111111111111,1.0,1.0,1.0,0.5,0.5,0.5,0.5,0.5,0.5,1.0,0.0,0.0,0.06716417910447763,0.19540581929555895,0.0,0.0662313432835821,True,False,False,False,True,False,False,False,0,0
1.0,0.0,1.0,1.0,0.3611111111111111,1.0,1.0,0.0,0.0,0.0,1.0,1.0,1.0,1.0,0.5,1.0,0.3333333333333333,0.6343283582089553,0.26217457886676876,0.0,0.22906301824212275,False,True,False,False,False,True,False,False,0,0
0.0,0.0,1.0,0.0,0.08333333333333333,1.0,0.0,0.0,0.0,0.0,0.0,0.0,0.0,0.0,0.0,0.0,1.0,0.272636815920398,0.43016845329249614,0.0,0.022719734660033165,False,True,False,False,False,True,False,False,0,0
1.0,0.0,0.0,0.0,0.4444444444444444,1.0,1.0,0.5,1.0,0.0,0.0,1.0,0.0,0.0,0.0,0.0,0.0,0.6905472636815921,0.3678407350689127,0.0,0.3069098949695965,False,True,False,False,False,True,False,False,0,0
0.0,0.0,1.0,0.0,0.6527777777777778,1.0,0.0,0.0,0.0,1.0,0.0,0.0,1.0,0.0,0.0,1.0,0.0,0.40149253731343293,0.36232771822358345,0.0,0.26208540630182425,False,True,False,False,False,True,False,False,0,0
0.0,0.0,1.0,1.0,0.4305555555555555,1.0,0.0,1.0,0.5,0.5,0.5,0.5,0.5,0.5,1.0,0.0,1.0,0.027363184079601983,0.839969372128637,0.0,0.011781370923161965,False,False,False,True,False,False,False,True,0,0
0.0,0.0,1.0,1.0,0.7222222222222222,1.0,0.0,0.5,1.0,0.0,1.0,1.0,0.0,0.0,0.0,1.0,0.0,0.654726368159204,0.5637059724349157,0.0,0.47285793255942515,False,False,True,False,False,False,True,False,0,0
0.0,0.0,1.0,0.0,0.8333333333333333,0.0,0.5,0.0,0.0,1.0,1.0,1.0,1.0,1.0,1.0,0.0,0.3333333333333333,0.4233830845771145,0.4777947932618683,0.0,0.3528192371475954,False,True,False,False,False,True,False,False,0,0
0.0,0.0,1.0,0.0,0.6666666666666666,1.0,0.0,0.0,0.0,1.0,1.0,0.0,0.0,1.0,0.5,1.0,0.6666666666666666,0.4716417910447762,0.4122511485451761,0.0,0.31442786069651746,False,True,False,False,False,True,False,False,0,0
1.0,0.0,0.0,0.0,0.625,1.0,0.0,1.0,0.5,0.5,0.5,0.5,0.5,0.5,0.5,0.0,0.0,0.005970149253731351,0.9586523736600306,0.0,0.0037313432835820943,False,False,False,True,False,False,False,True,0,0
0.0,0.0,0.0,0.0,0.5416666666666666,1.0,0.0,0.5,0.0,0.0,1.0,1.0,0.0,0.0,1.0,1.0,0.6666666666666666,0.6189054726368161,0.42618683001531393,1.0,0.33524046434494204,False,True,False,False,False,True,False,False,1,1
0.0,1.0,0.0,0.0,0.013888888888888888,1.0,1.0,0.5,0.0,0.0,0.0,0.0,1.0,0.0,0.0,1.0,0.6666666666666666,0.6711442786069652,0.9514548238897397,1.0,0.009321448313985627,False,False,False,True,False,False,False,True,1,1
1.0,0.0,0.0,0.0,0.013888888888888888,1.0,0.0,0.5,0.0,0.0,0.0,0.0,0.0,0.0,0.0,1.0,0.6666666666666666,0.5109452736318408,0.834303215926493,1.0,0.007096462133775567,False,False,False,True,False,False,False,True,1,1
0.0,0.0,0.0,0.0,0.08333333333333333,1.0,1.0,0.5,1.0,0.0,0.0,0.0,0.0,0.0,0.0,1.0,0.6666666666666666,0.6049751243781095,0.565084226646248,1.0,0.05041459369817579,False,False,True,False,False,False,True,False,1,1
1.0,0.0,0.0,0.0,0.125,1.0,1.0,0.5,0.0,0.0,0.0,0.0,0.0,0.0,0.0,1.0,0.6666666666666666,0.5771144278606966,0.8269525267993875,0.0,0.07213930348258707,False,False,False,True,False,False,False,True,0,0
1.0,0.0,1.0,1.0,1.0,1.0,1.0,0.5,1.0,1.0,1.0,1.0,1.0,1.0,1.0,1.0,0.3333333333333333,0.9532338308457714,0.9488514548238897,0.0,0.9532338308457714,False,False,False,True,False,False,False,True,0,0
1.0,1.0,1.0,0.0,0.986111111111111,0.0,0.5,0.0,0.0,1.0,1.0,0.0,1.0,1.0,0.0,1.0,0.0,0.3388059701492538,0.4946401225114854,0.0,0.33410033167495856,False,True,False,False,False,True,False,False,0,0
1.0,0.0,1.0,1.0,0.986111111111111,1.0,0.0,1.0,0.5,0.5,0.5,0.5,0.5,0.5,1.0,1.0,0.0,0.013432835820895526,0.10719754977029096,0.0,0.013246268656716421,True,False,False,False,True,False,False,False,0,0
0.0,0.0,1.0,0.0,0.8888888888888888,1.0,1.0,0.5,1.0,0.0,1.0,0.0,1.0,0.0,1.0,1.0,0.3333333333333333,0.7597014925373136,0.7465543644716692,0.0,0.6752902155887232,False,False,True,False,False,False,True,False,0,0
0.0,0.0,1.0,1.0,0.38888888888888884,1.0,0.0,1.0,0.5,0.5,0.5,0.5,0.5,0.5,0.0,1.0,0.0,0.012935323383084566,0.6905053598774885,0.0,0.00503040353786622,False,False,True,False,False,False,True,False,0,0
0.0,0.0,1.0,1.0,0.9722222222222222,1.0,1.0,0.5,1.0,1.0,1.0,1.0,1.0,1.0,1.0,1.0,0.3333333333333333,0.9641791044776121,0.9364471669218989,0.0,0.9373963515754562,False,False,False,True,False,False,False,True,0,0
1.0,1.0,0.0,0.0,0.5416666666666666,1.0,1.0,0.5,0.0,0.0,0.0,0.0,1.0,1.0,0.0,1.0,0.0,0.7701492537313436,0.49433384379785605,1.0,0.41716417910447773,False,True,False,False,False,True,False,False,1,1
0.0,0.0,1.0,1.0,0.2222222222222222,1.0,0.0,1.0,0.5,0.5,0.5,0.5,0.5,0.5,0.0,0.0,0.6666666666666666,0.02139303482587063,0.4272588055130168,0.0,0.004754007739082362,False,True,False,False,False,True,False,False,0,0
1.0,1.0,1.0,0.0,0.9166666666666666,1.0,1.0,0.5,0.0,1.0,1.0,1.0,1.0,1.0,0.5,1.0,0.6666666666666666,0.9213930348258709,0.8828483920367535,1.0,0.8446102819237149,False,False,False,True,False,False,False,True,1,1
0.0,1.0,0.0,0.0,0.29166666666666663,1.0,1.0,0.5,0.0,0.0,0.0,0.0,1.0,1.0,0.0,1.0,0.0,0.7676616915422888,0.25405819295558957,0.0,0.2239013266998342,False,True,False,False,False,True,False,False,0,0
0.0,0.0,0.0,0.0,0.611111111111111,1.0,1.0,0.5,0.0,1.0,1.0,0.0,0.0,0.0,0.0,1.0,0.0,0.6621890547263682,0.5059724349157734,1.0,0.4046710889994472,False,False,True,False,False,False,True,False,1,1
0.0,1.0,1.0,0.0,0.75,1.0,0.0,0.5,0.0,0.0,1.0,1.0,1.0,1.0,0.5,1.0,0.6666666666666666,0.8044776119402987,0.6918836140888208,0.0,0.603358208955224,False,False,True,False,False,False,True,False,0,0
1.0,0.0,0.0,0.0,0.05555555555555555,1.0,0.0,0.0,1.0,0.0,1.0,0.0,0.0,0.0,0.0,0.0,0.6666666666666666,0.383084577114428,0.3217457886676876,0.0,0.02128247650635711,False,True,False,False,False,True,False,False,0,0
0.0,1.0,1.0,0.0,0.8333333333333333,1.0,0.0,0.5,1.0,1.0,1.0,1.0,1.0,1.0,1.0,1.0,0.0,0.9129353233830847,0.8110260336906585,0.0,0.7607794361525705,False,False,False,True,False,False,False,True,0,0
1.0,0.0,0.0,0.0,0.3611111111111111,1.0,1.0,0.5,1.0,1.0,0.0,0.0,1.0,0.0,0.0,1.0,0.3333333333333333,0.737810945273632,0.3039816232771822,0.0,0.26643173023770045,False,True,False,False,False,True,False,False,0,0
0.0,0.0,1.0,1.0,0.3333333333333333,1.0,1.0,0.0,1.0,0.0,1.0,0.0,1.0,1.0,1.0,0.0,0.3333333333333333,0.600497512437811,0.21546707503828483,0.0,0.20016583747927033,True,False,False,False,True,False,False,False,0,0
1.0,0.0,1.0,1.0,0.736111111111111,1.0,0.0,1.0,0.5,0.5,0.5,0.5,0.5,0.5,1.0,1.0,1.0,0.011442786069651713,0.032618683001531396,0.0,0.008423161967938067,True,False,False,False,True,False,False,False,0,0
0.0,0.0,1.0,1.0,0.6388888888888888,1.0,0.0,1.0,0.5,0.5,0.5,0.5,0.5,0.5,1.0,0.0,0.3333333333333333,0.011442786069651713,0.9894333843797856,0.0,0.007310668877833038,False,False,False,True,False,False,False,True,0,0
0.0,0.0,1.0,1.0,0.7777777777777777,1.0,0.0,0.5,0.0,0.0,0.0,0.0,1.0,1.0,0.5,0.0,0.0,0.7029850746268658,0.6436447166921899,0.0,0.5467661691542288,False,False,True,False,False,False,True,False,0,0
0.0,0.0,0.0,0.0,0.09722222222222221,1.0,0.0,0.0,1.0,0.0,0.0,0.0,0.0,1.0,0.5,1.0,0.6666666666666666,0.40646766169154236,0.48728943338437974,0.0,0.039517689331122166,False,True,False,False,False,True,False,False,0,0
0.0,0.0,0.0,0.0,0.013888888888888888,1.0,1.0,0.5,0.0,0.0,0.0,0.0,0.0,1.0,0.0,0.0,1.0,0.6721393034825871,0.9516079632465544,1.0,0.009335268103924821,False,False,False,True,False,False,False,True,1,1
1.0,0.0,0.0,0.0,0.013888888888888888,1.0,0.0,0.0,0.0,0.0,0.0,0.0,0.0,0.0,0.0,1.0,1.0,0.27164179104477615,0.5848392036753446,0.0,0.0037728026533996686,False,False,True,False,False,False,True,False,0,0
1.0,0.0,1.0,0.0,0.8333333333333333,1.0,0.0,1.0,0.5,0.5,0.5,0.5,0.5,0.5,1.0,0.0,1.0,0.016915422885572132,0.07166921898928025,0.0,0.014096185737976776,True,False,False,False,True,False,False,False,0,0
1.0,0.0,1.0,0.0,0.8472222222222222,1.0,0.0,1.0,0.5,0.5,0.5,0.5,0.5,0.5,0.5,1.0,0.3333333333333333,0.022885572139303482,0.07029096477794793,0.0,0.019389165284687673,True,False,False,False,True,False,False,False,0,0
0.0,0.0,1.0,0.0,0.5833333333333333,0.0,0.5,0.0,0.0,1.0,0.0,1.0,0.0,0.0,0.5,0.0,1.0,0.15223880597014924,0.12664624808575803,1.0,0.08880597014925372,True,False,False,False,True,False,False,False,1,1
1.0,0.0,0.0,0.0,0.375,1.0,0.0,1.0,0.5,0.5,0.5,0.5,0.5,0.5,1.0,0.0,0.3333333333333333,0.01592039800995027,0.6096477794793261,0.0,0.005970149253731351,False,False,True,False,False,False,True,False,0,0
0.0,0.0,1.0,1.0,0.125,1.0,1.0,0.5,0.0,0.0,0.0,0.0,1.0,0.0,0.0,1.0,0.0,0.6676616915422886,0.8871362940275651,1.0,0.08345771144278608,False,False,False,True,False,False,False,True,1,1
0.0,0.0,1.0,0.0,1.0,1.0,0.0,1.0,0.5,0.5,0.5,0.5,0.5,0.5,1.0,0.0,0.0,0.017910447761194024,0.11944869831546708,0.0,0.017910447761194024,True,False,False,False,True,False,False,False,0,0
0.0,0.0,0.0,0.0,0.3194444444444444,1.0,0.0,1.0,0.5,0.5,0.5,0.5,0.5,0.5,0.5,1.0,0.3333333333333333,0.013930348258706458,0.6188361408882083,0.0,0.004449972360420118,False,False,True,False,False,False,True,False,0,0
0.0,1.0,0.0,0.0,0.6527777777777778,1.0,1.0,0.5,0.0,1.0,0.0,1.0,1.0,0.0,0.0,1.0,0.6666666666666666,0.7641791044776121,0.5866768759571209,1.0,0.4988391376451079,False,False,True,False,False,False,True,False,1,1
0.0,1.0,1.0,0.0,0.75,1.0,0.0,1.0,0.5,0.5,0.5,0.5,0.5,0.5,1.0,1.0,1.0,0.006965174129353215,0.009954058192955589,0.0,0.005223880597014912,True,False,False,False,True,False,False,False,0,0
1.0,1.0,1.0,0.0,0.027777777777777776,1.0,0.0,0.5,0.0,0.0,1.0,0.0,1.0,1.0,0.0,1.0,0.3333333333333333,0.7686567164179107,0.20826952526799386,0.0,0.02135157545605307,True,False,False,False,True,False,False,False,0,0
1.0,0.0,1.0,0.0,0.5277777777777778,0.0,0.5,0.0,1.0,1.0,0.0,1.0,1.0,1.0,1.0,1.0,0.0,0.41542288557213936,0.2777947932618683,0.0,0.2192509673852958,False,True,False,False,False,True,False,False,0,0
0.0,1.0,1.0,0.0,0.6527777777777778,1.0,1.0,0.5,0.0,0.0,1.0,0.0,1.0,1.0,0.0,0.0,0.6666666666666666,0.8104477611940301,0.6147013782542113,0.0,0.529042288557214,False,False,True,False,False,False,True,False,0,0
1.0,0.0,1.0,0.0,0.3055555555555555,1.0,0.0,0.0,1.0,0.0,0.0,1.0,0.0,0.0,0.5,1.0,0.3333333333333333,0.37810945273631846,0.08162327718223583,0.0,0.11553344389165285,True,False,False,False,True,False,False,False,0,0
1.0,0.0,1.0,0.0,0.027777777777777776,1.0,1.0,0.5,0.0,0.0,1.0,0.0,1.0,0.0,0.0,1.0,0.6666666666666666,0.728358208955224,0.18514548238897396,0.0,0.020232172470978443,True,False,False,False,True,False,False,False,0,0
0.0,0.0,1.0,1.0,1.0,1.0,1.0,0.5,1.0,0.0,0.0,0.0,0.0,0.0,1.0,0.0,0.0,0.6049751243781095,0.7248085758039816,0.0,0.6049751243781095,False,False,True,False,False,False,True,False,0,0
1.0,1.0,1.0,0.0,0.8055555555555555,0.0,0.5,0.0,0.0,1.0,1.0,0.0,0.0,1.0,0.0,1.0,0.6666666666666666,0.2691542288557214,0.35222052067381315,1.0,0.21681868435599774,False,True,False,False,False,True,False,False,1,1
1.0,0.0,1.0,1.0,0.9583333333333333,1.0,1.0,0.5,0.0,0.0,1.0,0.0,0.0,0.0,1.0,1.0,0.3333333333333333,0.6064676616915424,0.689739663093415,0.0,0.5811981757877281,False,False,True,False,False,False,True,False,0,0
1.0,0.0,0.0,0.0,0.25,1.0,1.0,0.0,1.0,0.0,1.0,0.0,1.0,0.0,0.0,0.0,1.0,0.509950248756219,0.0563552833078101,0.0,0.12748756218905474,True,False,False,False,True,False,False,False,0,0
0.0,0.0,1.0,1.0,0.7638888888888888,1.0,0.0,1.0,0.5,0.5,0.5,0.5,0.5,0.5,0.0,0.0,0.3333333333333333,0.017412935323383064,0.025880551301684533,0.0,0.013301547816473172,True,False,False,False,True,False,False,False,0,0
0.0,0.0,0.0,0.0,0.6388888888888888,1.0,1.0,0.5,0.0,0.0,1.0,0.0,1.0,1.0,0.5,1.0,0.6666666666666666,0.8243781094527364,0.6058192955589586,0.0,0.5266860143725816,False,False,True,False,False,False,True,False,0,0
1.0,0.0,0.0,0.0,0.06944444444444445,1.0,0.0,1.0,0.5,0.5,0.5,0.5,0.5,0.5,0.0,1.0,1.0,0.00995024875621889,0.9555895865237366,0.0,0.0006909894969596451,False,False,False,True,False,False,False,True,0,0
0.0,0.0,0.0,0.0,0.05555555555555555,0.0,0.5,0.0,1.0,1.0,0.0,0.0,0.0,0.0,0.0,1.0,0.6666666666666666,0.15323383084577116,0.10214395099540581,1.0,0.008512990602542842,True,False,False,False,True,False,False,False,1,1
1.0,1.0,0.0,0.0,0.06944444444444445,1.0,0.0,0.5,0.0,0.0,0.0,0.0,1.0,1.0,0.0,1.0,0.6666666666666666,0.7089552238805971,0.6185298621745788,1.0,0.0492330016583748,False,False,True,False,False,False,True,False,1,1
0.0,0.0,1.0,1.0,0.9027777777777777,1.0,0.0,0.0,1.0,1.0,1.0,0.0,0.0,0.0,0.5,0.0,0.0,0.42885572139303496,0.5075038284839204,0.0,0.38716141514648983,False,False,True,False,False,False,True,False,0,0
1.0,0.0,0.0,0.0,0.4861111111111111,1.0,0.0,1.0,0.5,0.5,0.5,0.5,0.5,0.5,1.0,0.0,0.0,0.03184079601990048,0.8491577335375191,0.0,0.015478164731896067,False,False,False,True,False,False,False,True,0,0
0.0,1.0,0.0,0.0,0.625,1.0,1.0,0.5,1.0,1.0,0.0,1.0,1.0,0.0,0.0,1.0,0.6666666666666666,0.7840796019900499,0.5701378254211332,0.0,0.4900497512437812,False,False,True,False,False,False,True,False,0,0
0.0,0.0,0.0,0.0,0.027777777777777776,1.0,0.0,1.0,0.5,0.5,0.5,0.5,0.5,0.5,0.0,0.0,0.6666666666666666,0.016417910447761173,0.7202143950995405,0.0,0.00045605306799336587,False,False,True,False,False,False,True,False,0,0
0.0,0.0,1.0,1.0,0.3055555555555555,1.0,0.0,0.5,0.0,0.0,0.0,0.0,0.0,1.0,0.0,1.0,0.6666666666666666,0.6159203980099504,0.20382848392036754,0.0,0.18819789939192927,True,False,False,False,True,False,False,False,0,0
1.0,0.0,1.0,1.0,0.9722222222222222,1.0,1.0,0.0,1.0,0.0,1.0,0.0,1.0,0.0,1.0,0.0,0.3333333333333333,0.5044776119402986,0.6272588055130168,0.0,0.49046434494195695,False,False,True,False,False,False,True,False,0,0
0.0,0.0,1.0,1.0,0.41666666666666663,1.0,0.0,0.0,1.0,0.0,0.0,1.0,0.0,1.0,0.0,0.0,0.0,0.47810945273631844,0.23292496171516078,0.0,0.199212271973466,True,False,False,False,True,False,False,False,0,0
1.0,0.0,0.0,0.0,0.8472222222222222,1.0,1.0,0.5,1.0,1.0,1.0,0.0,1.0,1.0,0.5,1.0,0.6666666666666666,0.8905472636815922,0.7993874425727412,0.0,0.7544914317302378,False,False,False,True,False,False,False,True,0,0
0.0,0.0,0.0,0.0,0.40277777777777773,1.0,0.0,1.0,0.5,0.5,0.5,0.5,0.5,0.5,0.5,0.0,1.0,0.0208955223880597,0.7701378254211332,0.0,0.00841625207296849,False,False,False,True,False,False,False,True,0,0
1.0,0.0,1.0,0.0,0.8472222222222222,1.0,1.0,0.5,0.0,1.0,1.0,0.0,1.0,1.0,0.0,1.0,0.6666666666666666,0.8686567164179105,0.7774885145482389,1.0,0.7359452736318408,False,False,False,True,False,False,False,True,1,1
1.0,0.0,1.0,1.0,0.3472222222222222,1.0,0.0,0.5,0.0,0.0,0.0,0.0,1.0,1.0,0.5,1.0,0.6666666666666666,0.7179104477611942,0.2744257274119449,1.0,0.24927446102819242,False,True,False,False,False,True,False,False,1,1
1.0,0.0,1.0,0.0,0.986111111111111,1.0,1.0,0.5,0.0,1.0,1.0,1.0,1.0,1.0,0.5,1.0,0.0,0.9442786069651744,0.9182235834609495,0.0,0.9311636263128803,False,False,False,True,False,False,False,True,0,0
0.0,0.0,1.0,0.0,0.013888888888888888,0.0,0.5,0.0,0.0,0.0,0.0,0.0,0.0,1.0,0.0,0.0,0.6666666666666666,0.16666666666666666,0.46370597243491574,0.0,0.0023148148148148147,False,True,False,False,False,True,False,False,0,0
0.0,0.0,1.0,1.0,0.861111111111111,1.0,1.0,0.0,0.0,0.0,0.0,0.0,1.0,1.0,0.0,1.0,0.3333333333333333,0.519402985074627,0.5607963246554364,0.0,0.4472636815920399,False,False,True,False,False,False,True,False,0,0
1.0,0.0,1.0,0.0,0.8888888888888888,1.0,0.0,0.5,1.0,0.0,0.0,0.0,0.0,0.0,0.0,1.0,1.0,0.5502487562189056,0.6177641653905054,0.0,0.48911000552791606,False,False,True,False,False,False,True,False,0,0
0.0,0.0,1.0,1.0,0.8888888888888888,1.0,1.0,0.0,1.0,1.0,1.0,1.0,1.0,1.0,1.0,1.0,1.0,0.7199004975124378,0.7344563552833078,0.0,0.6399115533443891,False,False,True,False,False,False,True,False,0,0
1.0,1.0,1.0,0.0,0.40277777777777773,1.0,1.0,0.5,0.0,0.0,0.0,0.0,0.0,1.0,0.0,1.0,0.6666666666666666,0.6572139303482588,0.30581929555895865,0.0,0.26471116639027087,False,True,False,False,False,True,False,False,0,0
0.0,0.0,0.0,0.0,0.027777777777777776,1.0,0.0,0.0,1.0,0.0,0.0,0.0,1.0,1.0,0.0,1.0,0.6666666666666666,0.5223880597014926,0.13016845329249616,1.0,0.014510779436152572,True,False,False,False,True,False,False,False,1,1
1.0,0.0,0.0,0.0,0.013888888888888888,1.0,0.0,1.0,0.5,0.5,0.5,0.5,0.5,0.5,0.0,0.0,0.0,0.013930348258706458,0.22771822358346094,0.0,0.00019347705914870078,True,False,False,False,True,False,False,False,0,0
1.0,0.0,0.0,0.0,0.013888888888888888,1.0,0.0,0.0,0.0,1.0,0.0,0.0,0.0,0.0,0.0,0.0,1.0,0.3223880597014926,0.6480857580398162,1.0,0.004477611940298508,False,False,True,False,False,False,True,False,1,1
0.0,0.0,1.0,1.0,0.625,1.0,1.0,1.0,0.5,0.5,0.5,0.5,0.5,0.5,1.0,1.0,0.3333333333333333,0.06368159203980099,0.049004594180704436,0.0,0.03980099502487562,True,False,False,False,True,False,False,False,0,0
1.0,0.0,0.0,0.0,0.9166666666666666,1.0,1.0,0.5,1.0,1.0,1.0,1.0,1.0,1.0,0.5,1.0,0.0,0.955721393034826,0.8738131699846861,0.0,0.876077943615257,False,False,False,True,False,False,False,True,0,0
0.0,0.0,1.0,0.0,0.75,1.0,1.0,0.5,1.0,1.0,0.0,0.0,1.0,1.0,0.5,0.0,0.0,0.8786069651741296,0.7287901990811638,1.0,0.6589552238805972,False,False,True,False,False,False,True,False,1,1
0.0,0.0,1.0,1.0,0.9722222222222222,1.0,0.0,0.0,0.0,1.0,1.0,1.0,1.0,1.0,1.0,1.0,0.0,0.6184079601990051,0.722511485451761,0.0,0.6012299613045883,False,False,True,False,False,False,True,False,0,0
1.0,1.0,1.0,0.0,0.5138888888888888,1.0,1.0,0.5,0.0,0.0,0.0,0.0,1.0,1.0,0.0,1.0,0.6666666666666666,0.7388059701492539,0.46049004594180704,1.0,0.37966417910447764,False,True,False,False,False,True,False,False,1,1
1.0,1.0,0.0,0.0,0.041666666666666664,1.0,0.0,0.5,0.0,0.0,0.0,0.0,1.0,0.0,0.0,1.0,0.6666666666666666,0.6134328358208957,0.3447166921898928,1.0,0.02555970149253732,False,True,False,False,False,True,False,False,1,1
1.0,0.0,0.0,1.0,0.3194444444444444,1.0,0.0,0.0,0.0,1.0,0.0,1.0,0.0,0.0,0.0,1.0,0.0,0.3686567164179105,0.07917304747320061,0.0,0.1177653399668325,True,False,False,False,True,False,False,False,0,0
0.0,1.0,1.0,0.0,0.8333333333333333,1.0,1.0,0.5,0.0,0.0,1.0,0.0,1.0,1.0,0.5,1.0,0.3333333333333333,0.8184079601990052,0.7552833078101072,0.0,0.6820066334991709,False,False,False,True,False,False,False,True,0,0
0.0,0.0,0.0,0.0,0.4861111111111111,0.0,0.5,0.0,0.0,0.0,1.0,1.0,0.0,0.0,0.0,1.0,1.0,0.15124378109452738,0.05022970903522205,0.0,0.07352128247650637,True,False,False,False,True,False,False,False,0,0
0.0,0.0,1.0,1.0,0.375,1.0,0.0,0.5,1.0,0.0,0.0,0.0,0.0,0.0,0.0,0.0,1.0,0.5587064676616917,0.24150076569678405,0.0,0.2095149253731344,True,False,False,False,True,False,False,False,0,0
0.0,0.0,1.0,1.0,0.3333333333333333,0.0,0.5,0.0,1.0,1.0,1.0,1.0,0.0,1.0,1.0,1.0,1.0,0.3407960199004975,0.058039816232771824,0.0,0.11359867330016583,True,False,False,False,True,False,False,False,0,0
0.0,1.0,0.0,0.0,0.027777777777777776,1.0,1.0,0.5,0.0,0.0,0.0,0.0,1.0,1.0,0.0,1.0,0.6666666666666666,0.7522388059701494,0.18346094946401226,1.0,0.020895522388059702,True,False,False,False,True,False,False,False,1,1
1.0,0.0,1.0,0.0,0.9305555555555555,1.0,0.0,0.5,1.0,1.0,0.0,0.0,0.0,1.0,0.5,1.0,0.3333333333333333,0.7199004975124378,0.7581929555895865,1.0,0.6699074074074073,False,False,False,True,False,False,False,True,1,1
1.0,0.0,0.0,0.0,0.027777777777777776,1.0,0.0,0.0,1.0,0.0,0.0,0.0,0.0,0.0,0.0,1.0,0.6666666666666666,0.2940298507462687,0.9751914241960183,1.0,0.008167495854063019,False,False,False,True,False,False,False,True,1,1
0.0,0.0,0.0,0.0,0.013888888888888888,1.0,0.0,1.0,0.5,0.5,0.5,0.5,0.5,0.5,0.0,0.0,1.0,0.02139303482587063,0.24716692189892803,1.0,0.00029712548369264765,False,True,False,False,False,True,False,False,1,1
0.0,0.0,0.0,1.0,0.013888888888888888,1.0,0.0,0.5,0.0,0.0,0.0,0.0,1.0,0.0,0.0,1.0,0.6666666666666666,0.6079601990049751,0.9136294027565084,1.0,0.008443891652846876,False,False,False,True,False,False,False,True,1,1
0.0,0.0,0.0,0.0,0.19444444444444442,1.0,1.0,0.0,0.0,1.0,0.0,0.0,0.0,0.0,0.5,1.0,1.0,0.3582089552238807,0.9010719754977029,0.0,0.06965174129353234,False,False,False,True,False,False,False,True,0,0
1.0,1.0,0.0,0.0,0.5277777777777778,1.0,1.0,0.5,0.0,0.0,0.0,0.0,1.0,1.0,0.0,0.0,0.6666666666666666,0.7611940298507465,0.48361408882082696,0.0,0.40174129353233845,False,True,False,False,False,True,False,False,0,0
0.0,0.0,0.0,0.0,0.013888888888888888,1.0,0.0,0.5,0.0,0.0,0.0,0.0,0.0,0.0,0.0,1.0,0.6666666666666666,0.5159203980099503,0.8427258805513017,1.0,0.007165561083471531,False,False,False,True,False,False,False,True,1,1
0.0,0.0,1.0,0.0,0.027777777777777776,1.0,0.0,0.5,0.0,0.0,0.0,0.0,0.0,0.0,0.0,1.0,0.3333333333333333,0.5189054726368161,0.14931087289433384,0.0,0.014414040906578223,True,False,False,False,True,False,False,False,0,0
0.0,0.0,0.0,0.0,0.16666666666666666,1.0,1.0,0.5,1.0,0.0,0.0,0.0,0.0,0.0,0.0,1.0,0.6666666666666666,0.6039800995024877,0.9776416539050535,1.0,0.10066334991708127,False,False,False,True,False,False,False,True,1,1
1.0,0.0,1.0,1.0,0.4305555555555555,1.0,1.0,0.5,1.0,0.0,1.0,0.0,1.0,0.0,0.5,0.0,0.0,0.7940298507462689,0.4096477794793262,0.0,0.3418739635157546,False,True,False,False,False,True,False,False,0,0
1.0,0.0,0.0,1.0,0.4861111111111111,1.0,0.0,0.0,0.0,0.0,0.0,1.0,1.0,1.0,0.5,1.0,1.0,0.5358208955223881,0.3277182235834609,0.0,0.26046849087893864,False,True,False,False,False,True,False,False,0,0
1.0,1.0,1.0,0.0,1.0,1.0,1.0,0.5,1.0,1.0,1.0,0.0,1.0,1.0,1.0,1.0,0.0,0.9084577114427862,0.9165390505359877,0.0,0.9084577114427862,False,False,False,True,False,False,False,True,0,0
0.0,0.0,1.0,1.0,0.1111111111111111,1.0,0.0,0.5,0.0,0.0,1.0,0.0,1.0,1.0,0.0,1.0,0.6666666666666666,0.7557213930348261,0.9032159264931087,1.0,0.08396904367053623,False,False,False,True,False,False,False,True,1,1
1.0,0.0,1.0,0.0,0.1388888888888889,1.0,1.0,0.5,0.0,0.0,1.0,0.0,1.0,1.0,0.0,1.0,0.6666666666666666,0.7985074626865674,0.011791730474732006,1.0,0.11090381426202325,True,False,False,False,True,False,False,False,1,1
0.0,1.0,0.0,0.0,0.06944444444444445,1.0,0.0,0.5,0.0,0.0,0.0,0.0,0.0,0.0,0.0,1.0,1.0,0.5054726368159205,0.4228177641653905,1.0,0.035102266445550034,False,True,False,False,False,True,False,False,1,1
1.0,0.0,1.0,1.0,0.875,1.0,1.0,0.0,1.0,1.0,1.0,0.0,1.0,1.0,1.0,0.0,0.3333333333333333,0.6492537313432837,0.6914241960183767,0.0,0.5680970149253732,False,False,True,False,False,False,True,False,0,0
0.0,0.0,1.0,0.0,0.986111111111111,1.0,1.0,1.0,0.5,0.5,0.5,0.5,0.5,0.5,1.0,0.0,0.3333333333333333,0.07313432835820895,0.2240428790199081,0.0,0.07211857379767826,True,False,False,False,True,False,False,False,0,0
0.0,1.0,0.0,0.0,0.6388888888888888,1.0,1.0,0.5,0.0,1.0,1.0,0.0,1.0,1.0,0.0,1.0,0.6666666666666666,0.8577114427860698,0.6289433384379786,0.0,0.5479823106688779,False,False,True,False,False,False,True,False,0,0
0.0,0.0,1.0,1.0,0.7222222222222222,1.0,1.0,1.0,0.5,0.5,0.5,0.5,0.5,0.5,1.0,0.0,1.0,0.047761194029850754,0.07151607963246553,0.0,0.034494195688225544,True,False,False,False,True,False,False,False,0,0
1.0,0.0,0.0,0.0,0.013888888888888888,1.0,0.0,0.0,0.0,0.0,0.0,0.0,0.0,0.0,0.0,0.0,1.0,0.2791044776119403,0.5981623277182235,1.0,0.003876451077943615,False,False,True,False,False,False,True,False,1,1
1.0,0.0,0.0,0.0,0.013888888888888888,1.0,0.0,0.5,0.0,0.0,0.0,0.0,0.0,1.0,0.0,0.0,0.6666666666666666,0.6104477611940299,0.9142419601837672,1.0,0.00847844112769486,False,False,False,True,False,False,False,True,1,1
0.0,0.0,0.0,0.0,1.0,1.0,1.0,0.5,1.0,1.0,1.0,1.0,1.0,1.0,1.0,1.0,0.3333333333333333,0.9402985074626867,0.9336906584992343,0.0,0.9402985074626867,False,False,False,True,False,False,False,True,0,0
0.0,0.0,0.0,0.0,0.041666666666666664,1.0,0.0,0.5,0.0,1.0,0.0,0.0,1.0,0.0,0.0,0.0,0.6666666666666666,0.6517412935323385,0.32465543644716693,1.0,0.0271558872305141,False,True,False,False,False,True,False,False,1,1
1.0,0.0,1.0,0.0,0.38888888888888884,1.0,0.0,0.0,1.0,1.0,0.0,1.0,0.0,0.0,0.0,0.0,1.0,0.42437810945273635,0.2021439509954058,0.0,0.1650359314538419,True,False,False,False,True,False,False,False,0,0
0.0,0.0,1.0,1.0,0.5416666666666666,1.0,0.0,0.0,1.0,0.0,0.0,0.0,0.0,0.0,0.0,0.0,0.3333333333333333,0.32636815920398016,0.25880551301684535,0.0,0.1767827529021559,False,True,False,False,False,True,False,False,0,0
0.0,0.0,0.0,0.0,0.4583333333333333,1.0,1.0,1.0,0.5,0.5,0.5,0.5,0.5,0.5,1.0,0.0,0.3333333333333333,0.07412935323383087,0.9367534456355283,0.0,0.03397595356550581,False,False,False,True,False,False,False,True,0,0
0.0,0.0,0.0,0.0,0.16666666666666666,0.0,0.5,0.0,0.0,1.0,1.0,1.0,1.0,1.0,0.5,0.0,0.6666666666666666,0.4218905472636817,0.8791730474732006,0.0,0.0703150912106136,False,False,False,True,False,False,False,True,0,0
1.0,0.0,1.0,1.0,0.013888888888888888,1.0,1.0,0.5,0.0,0.0,0.0,0.0,0.0,0.0,0.0,1.0,0.6666666666666666,0.5597014925373135,0.8761102603369065,1.0,0.00777363184079602,False,False,False,True,False,False,False,True,1,1
1.0,0.0,0.0,0.0,0.08333333333333333,1.0,0.0,0.0,1.0,0.0,1.0,1.0,1.0,1.0,0.0,0.0,0.3333333333333333,0.6009950248756221,0.6246554364471669,0.0,0.05008291873963517,False,False,True,False,False,False,True,False,0,0
1.0,0.0,0.0,0.0,0.041666666666666664,1.0,0.0,0.5,1.0,0.0,0.0,0.0,0.0,1.0,0.0,1.0,1.0,0.6746268656716419,0.3202143950995406,0.0,0.02810945273631841,False,True,False,False,False,True,False,False,0,0
1.0,0.0,0.0,0.0,0.05555555555555555,1.0,0.0,0.5,0.0,0.0,0.0,0.0,1.0,1.0,0.0,1.0,0.6666666666666666,0.6985074626865673,0.4889739663093415,1.0,0.038805970149253737,False,True,False,False,False,True,False,False,1,1
1.0,0.0,1.0,1.0,0.4722222222222222,1.0,0.0,0.5,0.0,1.0,1.0,0.0,1.0,0.0,0.0,1.0,0.6666666666666666,0.7124378109452737,0.4116385911179173,0.0,0.3364289662797126,False,True,False,False,False,True,False,False,0,0
1.0,0.0,0.0,0.0,0.013888888888888888,1.0,0.0,1.0,0.5,0.5,0.5,0.5,0.5,0.5,0.0,0.0,1.0,0.016915422885572132,0.22863705972434914,0.0,0.0002349364289662796,True,False,False,False,True,False,False,False,0,0
0.0,1.0,0.0,0.0,0.20833333333333331,1.0,0.0,0.5,1.0,0.0,1.0,1.0,0.0,1.0,0.0,1.0,1.0,0.7766169154228857,0.12113323124042878,1.0,0.16179519071310117,True,False,False,False,True,False,False,False,1,1
1.0,0.0,0.0,1.0,0.013888888888888888,0.0,0.5,0.0,0.0,0.0,0.0,0.0,0.0,0.0,0.0,0.0,0.6666666666666666,0.06467661691542288,0.3128637059724349,1.0,0.00089828634604754,False,True,False,False,False,True,False,False,1,1
0.0,0.0,0.0,0.0,0.041666666666666664,1.0,1.0,0.0,0.0,0.0,0.0,0.0,0.0,0.0,0.0,1.0,1.0,0.3223880597014926,0.14150076569678408,1.0,0.013432835820895524,True,False,False,False,True,False,False,False,1,1
1.0,0.0,0.0,0.0,0.013888888888888888,1.0,0.0,1.0,0.5,0.5,0.5,0.5,0.5,0.5,0.0,1.0,1.0,0.018407960199004984,0.2462480857580398,1.0,0.0002556661138750692,True,False,False,False,True,False,False,False,1,1
0.0,0.0,0.0,0.0,0.041666666666666664,1.0,0.0,1.0,0.5,0.5,0.5,0.5,0.5,0.5,0.5,0.0,1.0,0.019900497512437807,0.8525267993874426,0.0,0.0008291873963515753,False,False,False,True,False,False,False,True,0,0
0.0,0.0,1.0,1.0,0.41666666666666663,1.0,0.0,0.0,0.0,1.0,1.0,1.0,1.0,1.0,1.0,0.0,0.0,0.6223880597014926,0.30689127105666153,0.0,0.2593283582089552,False,True,False,False,False,True,False,False,0,0
0.0,0.0,0.0,0.0,0.06944444444444445,1.0,0.0,0.0,1.0,0.0,0.0,1.0,0.0,0.0,0.0,0.0,0.3333333333333333,0.3542288557213931,0.3433384379785605,1.0,0.02459922609176341,False,True,False,False,False,True,False,False,1,1
1.0,1.0,0.0,0.0,0.9444444444444444,1.0,0.0,1.0,0.5,0.5,0.5,0.5,0.5,0.5,1.0,1.0,0.3333333333333333,0.017412935323383064,0.11041347626339969,0.0,0.01644555002763956,True,False,False,False,True,False,False,False,0,0
0.0,0.0,0.0,0.0,0.013888888888888888,1.0,0.0,1.0,0.5,0.5,0.5,0.5,0.5,0.5,0.0,0.0,1.0,0.0208955223880597,0.2470137825421133,0.0,0.00029021558872305135,False,True,False,False,False,True,False,False,0,0
0.0,0.0,0.0,0.0,0.06944444444444445,1.0,0.0,0.5,0.0,0.0,0.0,0.0,0.0,1.0,0.0,1.0,0.6666666666666666,0.6144278606965174,0.5379785604900459,1.0,0.04266860143725816,False,False,True,False,False,False,True,False,1,1
0.0,0.0,0.0,0.0,0.013888888888888888,1.0,0.0,0.5,0.0,0.0,0.0,0.0,0.0,0.0,0.0,0.0,1.0,0.5258706467661692,0.8522205206738132,1.0,0.007303758982863461,False,False,False,True,False,False,False,True,1,1
1.0,0.0,1.0,1.0,0.18055555555555555,1.0,0.0,1.0,0.5,0.5,0.5,0.5,0.5,0.5,0.5,0.0,1.0,0.017412935323383064,0.27473200612557425,0.0,0.0031440022111663864,False,True,False,False,False,True,False,False,0,0
0.0,0.0,0.0,0.0,0.4861111111111111,1.0,1.0,0.5,0.0,0.0,0.0,1.0,0.0,0.0,0.0,0.0,0.3333333333333333,0.6149253731343284,0.37503828483920365,0.0,0.29892205638474295,False,True,False,False,False,True,False,False,0,0
1.0,0.0,1.0,1.0,0.05555555555555555,1.0,0.0,0.5,0.0,0.0,0.0,0.0,0.0,0.0,0.0,1.0,1.0,0.5104477611940299,0.3762633996937213,0.0,0.028358208955223882,False,True,False,False,False,True,False,False,0,0
1.0,0.0,0.0,0.0,0.125,0.0,0.5,0.0,0.0,0.0,0.0,0.0,0.0,0.0,0.0,1.0,0.6666666666666666,0.06666666666666667,0.22909647779479325,0.0,0.008333333333333333,True,False,False,False,True,False,False,False,0,0
0.0,1.0,0.0,0.0,0.625,1.0,0.0,0.5,1.0,1.0,0.0,1.0,0.0,0.0,0.0,1.0,0.0,0.6711442786069652,0.49663093415007653,0.0,0.41946517412935325,False,True,False,False,False,True,False,False,0,0
0.0,0.0,1.0,0.0,0.29166666666666663,0.0,0.5,0.0,1.0,0.0,0.0,0.0,0.0,0.0,0.0,0.0,0.6666666666666666,0.10199004975124379,0.7781010719754977,0.0,0.02974709784411277,False,False,False,True,False,False,False,True,0,0
0.0,0.0,0.0,0.0,0.3611111111111111,1.0,0.0,0.5,0.0,0.0,0.0,0.0,1.0,1.0,0.0,1.0,0.0,0.7019900497512438,0.29249617151607965,1.0,0.25349640685461583,False,True,False,False,False,True,False,False,1,1
0.0,0.0,0.0,0.0,0.013888888888888888,1.0,1.0,0.5,0.0,0.0,0.0,0.0,0.0,1.0,0.0,1.0,0.6666666666666666,0.6641791044776121,0.9503828483920367,1.0,0.009224709784411278,False,False,False,True,False,False,False,True,1,1
0.0,1.0,0.0,0.0,0.027777777777777776,1.0,1.0,0.5,0.0,0.0,1.0,0.0,0.0,1.0,0.0,1.0,0.6666666666666666,0.6995024875621891,0.2029096477794793,1.0,0.019430624654505253,True,False,False,False,True,False,False,False,1,1
0.0,0.0,0.0,0.0,0.15277777777777776,1.0,0.0,0.0,0.0,0.0,0.0,1.0,1.0,1.0,0.0,0.0,1.0,0.5199004975124379,0.93843797856049,0.0,0.07942924267551134,False,False,False,True,False,False,False,True,0,0
0.0,0.0,1.0,0.0,0.8194444444444444,1.0,1.0,0.5,1.0,1.0,1.0,0.0,1.0,1.0,0.5,1.0,0.3333333333333333,0.9044776119402987,0.8024502297090352,0.0,0.7411691542288559,False,False,False,True,False,False,False,True,0,0
0.0,0.0,1.0,0.0,0.4305555555555555,1.0,0.0,0.5,0.0,1.0,0.0,0.0,0.0,1.0,0.0,1.0,0.0,0.6527363184079602,0.3563552833078101,0.0,0.2810392482034273,False,True,False,False,False,True,False,False,0,0
0.0,0.0,1.0,1.0,0.75,1.0,1.0,1.0,0.5,0.5,0.5,0.5,0.5,0.5,0.5,1.0,0.0,0.06467661691542288,0.09555895865237365,0.0,0.048507462686567165,True,False,False,False,True,False,False,False,0,0
0.0,0.0,0.0,1.0,0.2222222222222222,1.0,0.0,1.0,0.5,0.5,0.5,0.5,0.5,0.5,0.5,1.0,0.0,0.01044776119402985,0.47733537519142416,0.0,0.0023217247097844108,False,True,False,False,False,True,False,False,0,0
1.0,1.0,0.0,0.0,0.125,1.0,1.0,0.0,1.0,0.0,0.0,0.0,0.0,0.0,0.0,0.0,0.6666666666666666,0.3611940298507463,0.6410413476263399,1.0,0.045149253731343285,False,False,True,False,False,False,True,False,1,1
0.0,0.0,0.0,0.0,0.29166666666666663,1.0,1.0,0.5,0.0,0.0,0.0,0.0,1.0,1.0,0.0,1.0,0.6666666666666666,0.7870646766169156,0.2673813169984686,1.0,0.22956053067993368,False,True,False,False,False,True,False,False,1,1
1.0,0.0,0.0,0.0,0.013888888888888888,1.0,0.0,1.0,0.5,0.5,0.5,0.5,0.5,0.5,0.0,0.0,0.3333333333333333,0.02487562189054727,0.24823889739663094,0.0,0.00034549474847982316,False,True,False,False,False,True,False,False,0,0
0.0,0.0,0.0,0.0,0.3194444444444444,1.0,1.0,0.0,1.0,0.0,0.0,0.0,0.0,0.0,0.0,0.0,0.6666666666666666,0.3597014925373135,0.06937212863705972,0.0,0.11490464344941957,True,False,False,False,True,False,False,False,0,0
1.0,1.0,1.0,0.0,0.09722222222222221,1.0,1.0,0.5,0.0,0.0,0.0,0.0,0.0,0.0,0.0,1.0,1.0,0.5587064676616917,0.6754977029096477,1.0,0.0543186843559978,False,False,True,False,False,False,True,False,1,1
1.0,0.0,0.0,0.0,0.29166666666666663,1.0,1.0,0.5,1.0,0.0,1.0,0.0,1.0,1.0,0.0,0.0,1.0,0.8517412935323384,0.28315467075038286,0.0,0.248424543946932,False,True,False,False,False,True,False,False,0,0
0.0,0.0,1.0,0.0,0.9027777777777777,1.0,1.0,0.5,0.0,1.0,1.0,1.0,1.0,1.0,1.0,1.0,0.0,0.8895522388059703,0.8514548238897396,0.0,0.8030679933665009,False,False,False,True,False,False,False,True,0,0
1.0,0.0,0.0,0.0,0.05555555555555555,0.0,0.5,0.0,0.0,0.0,0.0,0.0,1.0,1.0,0.0,1.0,0.6666666666666666,0.26169154228855723,0.1914241960183767,1.0,0.014538419016030956,True,False,False,False,True,False,False,False,1,1
1.0,0.0,1.0,1.0,1.0,1.0,0.0,0.5,1.0,1.0,1.0,1.0,1.0,1.0,1.0,0.0,0.0,0.9323383084577116,0.9240428790199081,0.0,0.9323383084577116,False,False,False,True,False,False,False,True,0,0
1.0,1.0,1.0,0.0,0.9444444444444444,0.0,0.5,0.0,1.0,1.0,1.0,0.0,0.0,0.0,1.0,1.0,0.6666666666666666,0.2358208955223881,0.3923430321592649,0.0,0.2227197346600332,False,True,False,False,False,True,False,False,0,0
0.0,0.0,1.0,1.0,0.9305555555555555,1.0,0.0,0.5,1.0,1.0,1.0,0.0,0.0,0.0,0.5,0.0,0.0,0.6621890547263682,0.7094946401225115,0.0,0.6162037037037037,False,False,True,False,False,False,True,False,0,0
1.0,0.0,0.0,0.0,0.013888888888888888,1.0,0.0,0.5,0.0,0.0,0.0,0.0,0.0,1.0,0.0,1.0,0.6666666666666666,0.6069651741293534,0.9134762633996937,1.0,0.008430071862907685,False,False,False,True,False,False,False,True,1,1
0.0,0.0,1.0,0.0,0.9583333333333333,1.0,0.0,0.5,0.0,1.0,0.0,0.0,1.0,1.0,0.5,1.0,0.3333333333333333,0.7701492537313436,0.8183767228177642,0.0,0.7380597014925375,False,False,False,True,False,False,False,True,0,0
1.0,0.0,0.0,0.0,0.8333333333333333,1.0,1.0,0.5,0.0,1.0,0.0,0.0,1.0,0.0,0.0,1.0,0.0,0.7129353233830847,0.6937212863705973,0.0,0.5941127694859039,False,False,True,False,False,False,True,False,0,0
1.0,0.0,0.0,0.0,0.041666666666666664,1.0,0.0,0.5,0.0,0.0,1.0,1.0,1.0,0.0,0.0,1.0,1.0,0.6975124378109453,0.347166921898928,1.0,0.02906301824212272,False,True,False,False,False,True,False,False,1,1
1.0,0.0,1.0,1.0,0.875,0.0,0.5,0.0,1.0,1.0,1.0,0.0,1.0,1.0,1.0,0.0,0.6666666666666666,0.4054726368159205,0.48943338437978556,0.0,0.35478855721393043,False,True,False,False,False,True,False,False,0,0
1.0,0.0,1.0,1.0,0.986111111111111,1.0,1.0,0.0,1.0,1.0,1.0,1.0,1.0,1.0,1.0,1.0,1.0,0.7263681592039802,0.8050535987748851,0.0,0.7162797125483693,False,False,False,True,False,False,False,True,0,0
0.0,0.0,0.0,0.0,0.4861111111111111,1.0,1.0,0.0,1.0,0.0,1.0,1.0,1.0,1.0,0.5,1.0,0.3333333333333333,0.67363184079602,0.4143950995405819,1.0,0.3274599226091764,False,True,False,False,False,True,False,False,1,1
0.0,0.0,0.0,0.0,0.4722222222222222,1.0,0.0,0.5,0.0,0.0,0.0,0.0,0.0,0.0,0.0,1.0,0.3333333333333333,0.5149253731343284,0.31531393568147015,1.0,0.24315920398009952,False,True,False,False,False,True,False,False,1,1
1.0,0.0,1.0,1.0,0.736111111111111,1.0,0.0,0.0,1.0,1.0,0.0,1.0,1.0,0.0,1.0,1.0,1.0,0.5119402985074628,0.4915773353751914,0.0,0.37684494195688234,False,True,False,False,False,True,False,False,0,0
1.0,0.0,1.0,0.0,0.2361111111111111,0.0,0.5,0.0,1.0,0.0,1.0,0.0,0.0,0.0,0.0,0.0,1.0,0.1606965174129353,0.7437978560490046,0.0,0.03794223327805417,False,False,True,False,False,False,True,False,0,0
0.0,0.0,0.0,1.0,0.013888888888888888,1.0,0.0,0.0,1.0,1.0,0.0,1.0,0.0,0.0,0.0,1.0,0.6666666666666666,0.41542288557213936,0.7519142419601837,1.0,0.0057697622996130465,False,False,False,True,False,False,False,True,1,1
1.0,0.0,1.0,0.0,0.7777777777777777,1.0,0.0,0.5,0.0,0.0,0.0,0.0,0.0,1.0,0.5,1.0,0.6666666666666666,0.6233830845771146,0.5947932618683002,0.0,0.4848535102266446,False,False,True,False,False,False,True,False,0,0
1.0,0.0,1.0,1.0,0.09722222222222221,1.0,0.0,0.0,1.0,0.0,0.0,0.0,0.0,0.0,0.5,1.0,0.6666666666666666,0.31343283582089554,0.43996937212863707,1.0,0.030472636815920395,False,True,False,False,False,True,False,False,1,1
1.0,0.0,1.0,0.0,0.9305555555555555,1.0,1.0,0.5,0.0,1.0,1.0,1.0,1.0,1.0,1.0,1.0,0.0,0.9258706467661694,0.889739663093415,0.0,0.8615740740740742,False,False,False,True,False,False,False,True,0,0
1.0,0.0,0.0,0.0,0.15277777777777776,1.0,0.0,0.0,0.0,1.0,1.0,1.0,0.0,0.0,0.0,1.0,0.6666666666666666,0.42437810945273635,0.8310872894333844,0.0,0.0648355444997236,False,False,False,True,False,False,False,True,0,0
1.0,0.0,0.0,1.0,0.013888888888888888,1.0,0.0,1.0,0.5,0.5,0.5,0.5,0.5,0.5,0.0,1.0,1.0,0.019900497512437807,0.24670750382848392,0.0,0.0002763957987838584,False,True,False,False,False,True,False,False,0,0
1.0,0.0,0.0,0.0,0.027777777777777776,1.0,1.0,1.0,0.5,0.5,0.5,0.5,0.5,0.5,0.0,0.0,1.0,0.0656716417910448,0.7716692189892802,0.0,0.0018242122719734667,False,False,False,True,False,False,False,True,0,0
0.0,0.0,1.0,0.0,0.9583333333333333,1.0,1.0,0.5,0.0,0.0,1.0,1.0,1.0,1.0,1.0,0.0,0.0,0.8666666666666668,0.863552833078101,0.0,0.8305555555555556,False,False,False,True,False,False,False,True,0,0
1.0,0.0,0.0,0.0,0.013888888888888888,1.0,0.0,0.5,0.0,0.0,0.0,0.0,1.0,0.0,0.0,1.0,0.6666666666666666,0.6139303482587066,0.9150076569678407,1.0,0.008526810392482036,False,False,False,True,False,False,False,True,1,1
0.0,0.0,0.0,0.0,0.29166666666666663,1.0,0.0,0.5,0.0,1.0,1.0,0.0,0.0,1.0,0.0,1.0,0.6666666666666666,0.7144278606965174,0.21944869831546707,0.0,0.2083747927031509,True,False,False,False,True,False,False,False,0,0
1.0,1.0,1.0,0.0,1.0,1.0,1.0,0.5,0.0,1.0,0.0,0.0,1.0,1.0,0.5,1.0,0.3333333333333333,0.7860696517412937,0.8568147013782542,0.0,0.7860696517412937,False,False,False,True,False,False,False,True,0,0
0.0,1.0,0.0,0.0,0.027777777777777776,1.0,1.0,0.5,0.0,0.0,0.0,0.0,0.0,1.0,0.0,1.0,0.6666666666666666,0.654726368159204,0.21868300153139356,0.0,0.018186843559977888,True,False,False,False,True,False,False,False,0,0
1.0,0.0,0.0,0.0,0.7916666666666666,1.0,0.0,1.0,0.5,0.5,0.5,0.5,0.5,0.5,1.0,0.0,1.0,0.02487562189054727,0.03460949464012251,0.0,0.01969320066334992,True,False,False,False,True,False,False,False,0,0
1.0,0.0,0.0,0.0,0.013888888888888888,1.0,0.0,0.5,0.0,0.0,0.0,0.0,1.0,1.0,0.0,1.0,0.6666666666666666,0.709452736318408,0.965084226646248,1.0,0.009853510226644555,False,False,False,True,False,False,False,True,1,1
1.0,0.0,1.0,0.0,0.05555555555555555,1.0,0.0,0.5,0.0,0.0,1.0,1.0,0.0,0.0,0.0,1.0,1.0,0.6203980099502487,0.4245022970903522,1.0,0.03446655610834715,False,True,False,False,False,True,False,False,1,1
0.0,0.0,0.0,0.0,0.027777777777777776,1.0,0.0,1.0,0.5,0.5,0.5,0.5,0.5,0.5,0.0,0.0,1.0,0.011442786069651713,0.7627871362940275,0.0,0.00031785516860143644,False,False,False,True,False,False,False,True,0,0
0.0,0.0,0.0,0.0,0.125,1.0,1.0,0.5,0.0,0.0,0.0,0.0,0.0,0.0,0.0,1.0,0.6666666666666666,0.5830845771144278,0.8087289433384379,0.0,0.07288557213930348,False,False,False,True,False,False,False,True,0,0
0.0,0.0,0.0,0.0,0.986111111111111,1.0,1.0,0.5,1.0,1.0,1.0,1.0,1.0,1.0,1.0,0.0,1.0,0.9258706467661694,0.9197549770290965,0.0,0.9130113322277503,False,False,False,True,False,False,False,True,0,0
0.0,0.0,1.0,1.0,0.18055555555555555,1.0,0.0,1.0,0.5,0.5,0.5,0.5,0.5,0.5,0.0,0.0,1.0,0.005472636815920391,0.3315467075038285,0.0,0.0009881149806522927,False,True,False,False,False,True,False,False,0,0
1.0,0.0,1.0,1.0,0.6944444444444444,1.0,0.0,0.0,0.0,0.0,0.0,0.0,0.0,0.0,0.5,1.0,0.0,0.26417910447761195,0.28575803981623277,0.0,0.18345771144278608,False,True,False,False,False,True,False,False,0,0
1.0,1.0,1.0,0.0,0.1388888888888889,1.0,1.0,0.5,0.0,0.0,1.0,0.0,0.0,1.0,0.0,1.0,0.6666666666666666,0.7119402985074628,0.9728943338437979,1.0,0.0988805970149254,False,False,False,True,False,False,False,True,1,1
1.0,1.0,1.0,0.0,0.8888888888888888,1.0,1.0,0.5,0.0,1.0,1.0,0.0,0.0,1.0,0.0,1.0,0.6666666666666666,0.756218905472637,0.7612557427258805,0.0,0.672194582642344,False,False,False,True,False,False,False,True,0,0
0.0,0.0,1.0,1.0,0.013888888888888888,1.0,0.0,0.5,0.0,0.0,0.0,0.0,0.0,0.0,0.0,1.0,0.6666666666666666,0.5129353233830847,0.8349157733537519,1.0,0.0071241017136539535,False,False,False,True,False,False,False,True,1,1
1.0,0.0,0.0,0.0,0.027777777777777776,0.0,0.5,0.0,0.0,0.0,0.0,0.0,0.0,0.0,0.0,1.0,0.3333333333333333,0.0661691542288557,0.6344563552833078,0.0,0.0018380320619126585,False,False,True,False,False,False,True,False,0,0
0.0,0.0,0.0,0.0,0.41666666666666663,1.0,1.0,0.5,0.0,1.0,1.0,1.0,1.0,1.0,0.5,0.0,0.3333333333333333,0.9174129353233834,0.44226646248085755,0.0,0.3822553897180764,False,True,False,False,False,True,False,False,0,0
1.0,0.0,0.0,0.0,0.09722222222222221,1.0,1.0,0.5,0.0,0.0,1.0,0.0,1.0,0.0,0.0,1.0,0.6666666666666666,0.7184079601990051,0.7448698315467075,1.0,0.06984521835268104,False,False,True,False,False,False,True,False,1,1
1.0,0.0,0.0,0.0,0.3611111111111111,1.0,0.0,1.0,0.5,0.5,0.5,0.5,0.5,0.5,0.5,0.0,1.0,0.011442786069651713,0.673353751914242,0.0,0.004132117191818674,False,False,True,False,False,False,True,False,0,0
1.0,0.0,0.0,0.0,0.2777777777777778,1.0,0.0,0.0,0.0,0.0,0.0,1.0,0.0,0.0,0.0,0.0,1.0,0.3159203980099503,0.0013782542113323123,0.0,0.08775566611387509,True,False,False,False,True,False,False,False,0,0
0.0,0.0,1.0,0.0,1.0,1.0,1.0,1.0,0.5,0.5,0.5,0.5,0.5,0.5,1.0,1.0,1.0,0.07711442786069651,0.1987748851454824,0.0,0.07711442786069651,True,False,False,False,True,False,False,False,0,0
0.0,0.0,1.0,1.0,0.18055555555555555,1.0,0.0,0.0,0.0,0.0,0.0,0.0,0.0,1.0,0.0,0.0,0.6666666666666666,0.37512437810945287,0.8712098009188362,1.0,0.06773079049198455,False,False,False,True,False,False,False,True,1,1
1.0,0.0,1.0,0.0,0.9722222222222222,1.0,0.0,0.5,1.0,1.0,0.0,1.0,0.0,0.0,1.0,0.0,0.0,0.6601990049751244,0.7209800918836141,0.0,0.6418601437258153,False,False,True,False,False,False,True,False,0,0
1.0,0.0,0.0,0.0,0.041666666666666664,0.0,0.5,0.0,0.0,0.0,0.0,1.0,0.0,0.0,0.0,1.0,0.6666666666666666,0.11442786069651742,0.9906584992343032,0.0,0.004767827529021559,False,False,False,True,False,False,False,True,0,0
1.0,0.0,0.0,0.0,0.027777777777777776,1.0,1.0,0.5,0.0,0.0,0.0,0.0,0.0,0.0,0.0,1.0,0.6666666666666666,0.5796019900497513,0.16630934150076568,1.0,0.01610005527915976,True,False,False,False,True,False,False,False,1,1
0.0,1.0,1.0,0.0,1.0,1.0,1.0,0.5,1.0,1.0,1.0,1.0,1.0,1.0,1.0,1.0,0.3333333333333333,0.9701492537313435,0.9479326186830015,0.0,0.9701492537313435,False,False,False,True,False,False,False,True,0,0
1.0,1.0,0.0,0.0,0.4583333333333333,1.0,1.0,0.5,0.0,1.0,1.0,0.0,0.0,0.0,0.0,1.0,0.3333333333333333,0.6527363184079602,0.36079632465543643,1.0,0.2991708126036484,False,True,False,False,False,True,False,False,1,1
1.0,1.0,0.0,0.0,0.20833333333333331,1.0,0.0,0.5,0.0,1.0,0.0,0.0,0.0,0.0,0.0,1.0,0.6666666666666666,0.5587064676616917,0.0223583460949464,1.0,0.11639718076285244,True,False,False,False,True,False,False,False,1,1
1.0,0.0,0.0,0.0,0.013888888888888888,0.0,0.5,0.0,0.0,0.0,0.0,1.0,0.0,0.0,0.0,0.0,1.0,0.10845771144278607,0.38330781010719756,0.0,0.0015063571033720287,False,True,False,False,False,True,False,False,0,0
1.0,1.0,0.0,0.0,0.7638888888888888,1.0,1.0,0.5,1.0,0.0,0.0,0.0,1.0,1.0,0.0,1.0,0.6666666666666666,0.801492537313433,0.7122511485451761,1.0,0.6122512437810945,False,False,True,False,False,False,True,False,1,1
1.0,0.0,1.0,1.0,0.06944444444444445,1.0,1.0,0.0,1.0,1.0,0.0,1.0,0.0,0.0,0.0,0.0,0.3333333333333333,0.4592039800995026,0.4199081163859112,0.0,0.03188916528468768,False,True,False,False,False,True,False,False,0,0
1.0,0.0,1.0,0.0,0.041666666666666664,1.0,1.0,0.5,0.0,0.0,0.0,1.0,0.0,0.0,0.0,1.0,0.0,0.6109452736318409,0.33200612557427256,1.0,0.02545605306799337,False,True,False,False,False,True,False,False,1,1
0.0,0.0,0.0,0.0,0.9027777777777777,1.0,1.0,0.5,1.0,1.0,0.0,1.0,0.0,0.0,0.5,1.0,0.6666666666666666,0.7124378109452737,0.736906584992343,0.0,0.6431730237700387,False,False,True,False,False,False,True,False,0,0
1.0,0.0,1.0,1.0,0.5416666666666666,1.0,0.0,0.0,1.0,1.0,1.0,0.0,0.0,0.0,0.5,0.0,0.6666666666666666,0.41343283582089563,0.3029096477794793,0.0,0.2239427860696518,False,True,False,False,False,True,False,False,0,0
1.0,0.0,1.0,0.0,0.9722222222222222,1.0,1.0,1.0,0.5,0.5,0.5,0.5,0.5,0.5,1.0,0.0,0.0,0.06865671641791045,0.23660030627871362,0.0,0.06674958540630183,True,False,False,False,True,False,False,False,0,0
1.0,0.0,0.0,0.0,0.4722222222222222,1.0,1.0,0.5,1.0,1.0,1.0,1.0,1.0,1.0,0.5,0.0,0.3333333333333333,0.9751243781094528,0.5110260336906585,0.0,0.4604754007739083,False,False,True,False,False,False,True,False,0,0
1.0,0.0,1.0,0.0,0.41666666666666663,1.0,1.0,0.0,0.0,0.0,0.0,0.0,0.0,0.0,0.0,0.0,0.6666666666666666,0.3149253731343284,0.12526799387442572,0.0,0.13121890547263682,True,False,False,False,True,False,False,False,0,0
0.0,0.0,1.0,0.0,0.16666666666666666,0.0,0.5,0.0,0.0,0.0,1.0,0.0,1.0,1.0,0.0,1.0,0.0,0.31442786069651746,0.7699846860643185,0.0,0.05240464344941957,False,False,False,True,False,False,False,True,0,0
1.0,0.0,0.0,1.0,0.125,1.0,0.0,1.0,0.5,0.5,0.5,0.5,0.5,0.5,0.5,0.0,1.0,0.018407960199004984,0.22909647779479325,0.0,0.002300995024875623,True,False,False,False,True,False,False,False,0,0
0.0,0.0,1.0,0.0,0.6805555555555555,0.0,0.5,0.0,0.0,1.0,0.0,1.0,1.0,1.0,0.5,1.0,0.3333333333333333,0.3786069651741294,0.36906584992343033,0.0,0.2576630735212825,False,True,False,False,False,True,False,False,0,0
0.0,0.0,1.0,0.0,0.09722222222222221,1.0,0.0,0.0,0.0,0.0,0.0,0.0,0.0,0.0,0.0,1.0,1.0,0.2587064676616916,0.41669218989280243,0.0,0.025152017689331122,False,True,False,False,False,True,False,False,0,0
0.0,1.0,1.0,0.0,0.5277777777777778,1.0,0.0,0.5,1.0,0.0,0.0,0.0,0.0,1.0,0.0,1.0,0.6666666666666666,0.6487562189054727,0.41898928024502297,0.0,0.34239911553344393,False,True,False,False,False,True,False,False,0,0
1.0,0.0,0.0,0.0,0.875,1.0,0.0,0.5,1.0,1.0,1.0,1.0,1.0,1.0,1.0,0.0,0.3333333333333333,0.9049751243781098,0.8490045941807044,0.0,0.791853233830846,False,False,False,True,False,False,False,True,0,0
1.0,1.0,0.0,0.0,0.013888888888888888,1.0,0.0,0.5,0.0,0.0,0.0,0.0,0.0,0.0,0.0,1.0,0.6666666666666666,0.5313432835820897,0.8531393568147013,1.0,0.007379767827529023,False,False,False,True,False,False,False,True,1,1
1.0,0.0,0.0,0.0,0.41666666666666663,1.0,1.0,0.5,0.0,0.0,0.0,1.0,0.0,1.0,0.0,1.0,0.3333333333333333,0.7129353233830847,0.36217457886676874,0.0,0.29705638474295193,False,True,False,False,False,True,False,False,0,0
0.0,0.0,0.0,0.0,0.3194444444444444,1.0,1.0,0.0,0.0,0.0,0.0,1.0,1.0,1.0,0.5,1.0,1.0,0.5522388059701493,0.19586523736600306,0.0,0.17640961857379767,True,False,False,False,True,False,False,False,0,0
0.0,0.0,0.0,0.0,0.7916666666666666,1.0,0.0,0.0,0.0,1.0,1.0,1.0,1.0,0.0,1.0,0.0,1.0,0.5124378109452737,0.510719754977029,0.0,0.4056799336650084,False,False,True,False,False,False,True,False,0,0
0.0,1.0,1.0,0.0,0.9722222222222222,1.0,1.0,0.5,0.0,0.0,0.0,0.0,0.0,0.0,1.0,1.0,0.3333333333333333,0.5711442786069654,0.6892802450229709,0.0,0.5552791597567719,False,False,True,False,False,False,True,False,0,0
1.0,0.0,0.0,1.0,0.986111111111111,1.0,1.0,0.5,1.0,0.0,1.0,0.0,1.0,1.0,1.0,0.0,0.0,0.8800995024875625,0.8735068912710566,0.0,0.8678758982863464,False,False,False,True,False,False,False,True,0,0
1.0,0.0,1.0,1.0,0.2777777777777778,1.0,0.0,0.0,0.0,0.0,1.0,0.0,0.0,0.0,0.0,1.0,0.6666666666666666,0.31194029850746274,0.9826952526799387,0.0,0.08665008291873966,False,False,False,True,False,False,False,True,0,0
0.0,0.0,1.0,1.0,1.0,1.0,1.0,1.0,0.5,0.5,0.5,0.5,0.5,0.5,1.0,0.0,0.0,0.06915422885572138,0.20229709035222052,0.0,0.06915422885572138,True,False,False,False,True,False,False,False,0,0
1.0,0.0,0.0,0.0,0.3055555555555555,1.0,0.0,0.5,0.0,0.0,0.0,0.0,0.0,0.0,0.0,1.0,1.0,0.5119402985074628,0.13537519142419602,0.0,0.15642620232172474,True,False,False,False,True,False,False,False,0,0
1.0,0.0,0.0,0.0,0.20833333333333331,1.0,1.0,1.0,0.5,0.5,0.5,0.5,0.5,0.5,0.0,1.0,0.6666666666666666,0.08059701492537315,0.4972434915773354,0.0,0.016791044776119403,False,True,False,False,False,True,False,False,0,0
0.0,0.0,1.0,0.0,0.125,0.0,0.5,0.0,0.0,0.0,1.0,0.0,1.0,1.0,0.0,1.0,0.6666666666666666,0.3034825870646767,0.5751914241960183,1.0,0.037935323383084585,False,False,True,False,False,False,True,False,1,1
0.0,0.0,1.0,0.0,0.5277777777777778,1.0,1.0,0.5,0.0,0.0,1.0,1.0,1.0,1.0,0.0,1.0,0.6666666666666666,0.8631840796019902,0.5275650842266463,1.0,0.4555693753454948,False,False,True,False,False,False,True,False,1,1
1.0,1.0,1.0,0.0,0.09722222222222221,0.0,0.5,0.0,1.0,0.0,0.0,0.0,0.0,0.0,0.0,0.0,0.0,0.1149253731343284,0.27947932618683,0.0,0.011173300165837483,False,True,False,False,False,True,False,False,0,0
0.0,0.0,1.0,0.0,0.3611111111111111,1.0,0.0,0.0,0.0,1.0,0.0,1.0,1.0,1.0,0.0,1.0,0.6666666666666666,0.5452736318407961,0.23920367534456355,0.0,0.19690436705362083,True,False,False,False,True,False,False,False,0,0
0.0,0.0,0.0,0.0,0.7777777777777777,1.0,0.0,0.0,1.0,0.0,1.0,1.0,0.0,0.0,0.5,1.0,0.3333333333333333,0.4179104477611941,0.43705972434915774,0.0,0.3250414593698176,False,True,False,False,False,True,False,False,0,0
0.0,0.0,1.0,0.0,0.6805555555555555,1.0,0.0,1.0,0.5,0.5,0.5,0.5,0.5,0.5,0.5,1.0,0.0,0.017910447761194024,0.9764165390505359,0.0,0.012189054726368154,False,False,False,True,False,False,False,True,0,0
0.0,0.0,0.0,0.0,0.041666666666666664,1.0,0.0,0.5,0.0,0.0,0.0,0.0,0.0,0.0,0.0,1.0,0.6666666666666666,0.5174129353233832,0.2960183767228178,0.0,0.021558872305140964,False,True,False,False,False,True,False,False,0,0
1.0,1.0,1.0,0.0,0.013888888888888888,1.0,1.0,0.5,0.0,0.0,0.0,0.0,0.0,0.0,0.0,1.0,0.6666666666666666,0.5587064676616917,0.8758039816232771,1.0,0.00775981205085683,False,False,False,True,False,False,False,True,1,1
0.0,1.0,1.0,0.0,0.9722222222222222,1.0,0.0,1.0,0.5,0.5,0.5,0.5,0.5,0.5,1.0,1.0,0.3333333333333333,0.012935323383084566,0.13093415007656967,0.0,0.01257600884466555,True,False,False,False,True,False,False,False,0,0
0.0,0.0,0.0,0.0,0.3194444444444444,1.0,0.0,0.0,0.0,1.0,1.0,0.0,0.0,0.0,0.5,0.0,0.0,0.3736318407960199,0.09111791730474732,0.0,0.11935461580983968,True,False,False,False,True,False,False,False,0,0
0.0,0.0,0.0,0.0,0.9027777777777777,1.0,0.0,0.0,1.0,1.0,0.0,1.0,0.0,0.0,1.0,1.0,1.0,0.4114427860696519,0.4924961715160796,0.0,0.3714414040906579,False,True,False,False,False,True,False,False,0,0
1.0,1.0,1.0,0.0,0.9583333333333333,1.0,1.0,0.5,0.0,1.0,1.0,1.0,1.0,1.0,1.0,1.0,0.0,0.8970149253731347,0.869218989280245,1.0,0.8596393034825873,False,False,False,True,False,False,False,True,1,1
0.0,0.0,0.0,0.0,0.013888888888888888,1.0,0.0,0.0,0.0,0.0,0.0,0.0,0.0,1.0,0.0,1.0,0.6666666666666666,0.36965174129353234,0.6987748851454824,1.0,0.005134051962410171,False,False,True,False,False,False,True,False,1,1
1.0,0.0,0.0,0.0,0.3333333333333333,1.0,0.0,0.5,0.0,0.0,0.0,0.0,1.0,1.0,0.0,1.0,0.6666666666666666,0.7174129353233831,0.286676875957121,1.0,0.23913764510779437,False,True,False,False,False,True,False,False,1,1
0.0,0.0,1.0,0.0,0.3472222222222222,1.0,0.0,0.5,0.0,0.0,0.0,1.0,1.0,1.0,0.0,1.0,0.6666666666666666,0.765174129353234,0.3113323124042879,0.0,0.26568546158098405,False,True,False,False,False,True,False,False,0,0
0.0,0.0,0.0,0.0,0.2361111111111111,1.0,0.0,1.0,0.5,0.5,0.5,0.5,0.5,0.5,0.5,0.0,0.0,0.016417910447761173,0.4298621745788668,0.0,0.0038764510779436103,False,True,False,False,False,True,False,False,0,0
1.0,0.0,1.0,0.0,0.4444444444444444,1.0,0.0,0.0,1.0,1.0,0.0,1.0,0.0,1.0,0.5,0.0,1.0,0.5199004975124379,0.2807044410413476,0.0,0.23106688778330575,False,True,False,False,False,True,False,False,0,0
1.0,0.0,1.0,1.0,0.9444444444444444,1.0,0.0,1.0,0.5,0.5,0.5,0.5,0.5,0.5,1.0,0.0,0.0,0.016915422885572132,0.10428790199081163,0.0,0.015975677169707013,True,False,False,False,True,False,False,False,0,0
0.0,0.0,1.0,1.0,0.9722222222222222,1.0,0.0,1.0,0.5,0.5,0.5,0.5,0.5,0.5,1.0,1.0,0.3333333333333333,0.018905472636815888,0.11516079632465544,0.0,0.018380320619126558,True,False,False,False,True,False,False,False,0,0
1.0,0.0,1.0,1.0,0.75,1.0,1.0,0.5,0.0,1.0,0.0,1.0,1.0,1.0,0.5,1.0,0.6666666666666666,0.8651741293532341,0.7145482388973966,0.0,0.6488805970149256,False,False,True,False,False,False,True,False,0,0
0.0,0.0,0.0,0.0,0.20833333333333331,1.0,0.0,1.0,0.5,0.5,0.5,0.5,0.5,0.5,0.0,0.0,0.0,0.011442786069651713,0.38192955589586525,1.0,0.0023839137645107734,False,True,False,False,False,True,False,False,1,1
1.0,0.0,1.0,1.0,0.986111111111111,1.0,1.0,0.0,1.0,1.0,0.0,1.0,0.0,0.0,0.5,1.0,0.3333333333333333,0.4835820895522388,0.6153139356814701,0.0,0.476865671641791,False,False,True,False,False,False,True,False,0,0
1.0,0.0,1.0,0.0,0.9722222222222222,1.0,0.0,1.0,0.5,0.5,0.5,0.5,0.5,0.5,1.0,0.0,0.3333333333333333,0.01592039800995027,0.1228177641653905,0.0,0.015478164731896095,True,False,False,False,True,False,False,False,0,0
0.0,1.0,1.0,0.0,0.736111111111111,1.0,1.0,0.5,0.0,0.0,0.0,0.0,1.0,1.0,0.5,1.0,0.3333333333333333,0.7721393034825872,0.6503828483920367,0.0,0.5683803206191267,False,False,True,False,False,False,True,False,0,0
0.0,0.0,1.0,0.0,0.027777777777777776,1.0,0.0,0.5,1.0,0.0,0.0,1.0,0.0,0.0,0.0,1.0,0.6666666666666666,0.6159203980099504,0.23629402756508422,0.0,0.017108899944720844,True,False,False,False,True,False,False,False,0,0
0.0,1.0,0.0,0.0,0.8194444444444444,1.0,1.0,0.5,0.0,1.0,0.0,0.0,0.0,0.0,1.0,1.0,0.3333333333333333,0.6064676616915424,0.5972434915773354,0.0,0.4969665561083472,False,False,True,False,False,False,True,False,0,0
0.0,0.0,0.0,0.0,0.3055555555555555,1.0,1.0,0.5,0.0,0.0,0.0,0.0,1.0,0.0,0.0,1.0,0.0,0.655721393034826,0.2110260336906585,0.0,0.20035931453841904,True,False,False,False,True,False,False,False,0,0
0.0,0.0,1.0,1.0,0.3055555555555555,1.0,1.0,0.5,0.0,0.0,0.0,0.0,0.0,0.0,0.0,1.0,0.0,0.5726368159203981,0.16539050535987748,0.0,0.1749723604201216,True,False,False,False,True,False,False,False,0,0
0.0,0.0,1.0,0.0,0.7916666666666666,0.0,0.5,0.0,1.0,0.0,1.0,1.0,0.0,1.0,0.0,1.0,0.0,0.3149253731343284,0.3693721286370597,0.0,0.24931592039800995,False,True,False,False,False,True,False,False,0,0
0.0,0.0,0.0,0.0,0.013888888888888888,1.0,0.0,0.5,0.0,0.0,0.0,0.0,0.0,0.0,0.0,0.0,0.6666666666666666,0.5283582089552239,0.8528330781010719,1.0,0.0073383084577114425,False,False,False,True,False,False,False,True,1,1
0.0,0.0,1.0,1.0,0.1388888888888889,1.0,1.0,0.5,0.0,1.0,1.0,0.0,1.0,1.0,0.0,1.0,0.3333333333333333,0.8343283582089555,0.02021439509954058,1.0,0.11587893864013271,True,False,False,False,True,False,False,False,1,1
0.0,1.0,1.0,0.0,0.7638888888888888,1.0,1.0,0.0,0.0,0.0,0.0,0.0,0.0,0.0,0.0,0.0,0.0,0.33233830845771145,0.37519142419601836,0.0,0.253869541182974,False,True,False,False,False,True,False,False,0,0
0.0,0.0,1.0,1.0,0.5972222222222222,1.0,1.0,1.0,0.5,0.5,0.5,0.5,0.5,0.5,0.5,1.0,0.0,0.06169154228855721,0.9981623277182236,0.0,0.03684355997788833,False,False,False,True,False,False,False,True,0,0
0.0,1.0,1.0,0.0,0.25,0.0,0.5,0.0,0.0,0.0,1.0,0.0,1.0,1.0,0.0,1.0,0.6666666666666666,0.2995024875621891,0.9286370597243492,1.0,0.07487562189054728,False,False,False,True,False,False,False,True,1,1
0.0,0.0,0.0,1.0,0.027777777777777776,1.0,1.0,0.5,1.0,0.0,0.0,0.0,0.0,0.0,0.0,0.0,0.3333333333333333,0.6199004975124379,0.2225114854517611,0.0,0.017219458264234384,True,False,False,False,True,False,False,False,0,0
0.0,0.0,1.0,1.0,0.7222222222222222,1.0,1.0,1.0,0.5,0.5,0.5,0.5,0.5,0.5,1.0,1.0,0.0,0.06766169154228856,0.07626339969372128,0.0,0.04886677722498618,True,False,False,False,True,False,False,False,0,0
1.0,0.0,1.0,0.0,0.8333333333333333,1.0,0.0,0.0,1.0,1.0,0.0,1.0,0.0,0.0,1.0,1.0,1.0,0.42885572139303496,0.49479326186830014,0.0,0.3573797678275291,False,True,False,False,False,True,False,False,0,0
0.0,0.0,0.0,0.0,0.8194444444444444,1.0,1.0,0.5,0.0,1.0,1.0,0.0,0.0,0.0,0.0,1.0,0.6666666666666666,0.6467661691542289,0.6421133231240429,0.0,0.5299889441680486,False,False,True,False,False,False,True,False,0,0
0.0,0.0,0.0,0.0,0.9583333333333333,1.0,1.0,0.5,0.0,0.0,1.0,1.0,1.0,1.0,1.0,0.0,0.6666666666666666,0.8532338308457713,0.847166921898928,0.0,0.8176824212271975,False,False,False,True,False,False,False,True,0,0
1.0,0.0,0.0,0.0,0.19444444444444442,1.0,1.0,0.5,0.0,1.0,0.0,0.0,1.0,1.0,0.0,1.0,0.6666666666666666,0.818905472636816,0.11699846860643184,1.0,0.15923161967938088,True,False,False,False,True,False,False,False,1,1
0.0,0.0,1.0,1.0,0.5972222222222222,0.0,0.5,0.0,1.0,0.0,1.0,1.0,1.0,1.0,0.5,1.0,0.3333333333333333,0.4194029850746269,0.3505359877488514,0.0,0.2504767827529022,False,True,False,False,False,True,False,False,0,0
0.0,0.0,1.0,1.0,0.16666666666666666,1.0,0.0,1.0,0.5,0.5,0.5,0.5,0.5,0.5,0.0,0.0,0.0,0.011442786069651713,0.24241960183767228,0.0,0.0019071310116086189,True,False,False,False,True,False,False,False,0,0
0.0,0.0,1.0,1.0,0.1111111111111111,1.0,0.0,1.0,0.5,0.5,0.5,0.5,0.5,0.5,1.0,0.0,1.0,0.012437810945273634,0.16600306278713628,0.0,0.0013819789939192926,True,False,False,False,True,False,False,False,0,0
0.0,0.0,1.0,1.0,0.041666666666666664,1.0,1.0,0.0,0.0,1.0,1.0,0.0,1.0,0.0,0.0,1.0,0.0,0.5064676616915424,0.3041347626339969,0.0,0.021102819237147602,False,True,False,False,False,True,False,False,0,0
1.0,0.0,1.0,1.0,0.8055555555555555,1.0,1.0,0.5,0.0,0.0,1.0,1.0,1.0,1.0,0.5,1.0,0.0,0.8636815920398012,0.7532924961715161,0.0,0.6957435046987287,False,False,False,True,False,False,False,True,0,0
0.0,0.0,1.0,1.0,0.18055555555555555,1.0,0.0,0.0,1.0,0.0,1.0,0.0,0.0,1.0,0.0,1.0,1.0,0.44676616915422895,0.9316998468606431,0.0,0.08066611387506911,False,False,False,True,False,False,False,True,0,0
1.0,0.0,0.0,0.0,0.3194444444444444,1.0,0.0,1.0,0.5,0.5,0.5,0.5,0.5,0.5,0.5,0.0,0.0,0.018905472636815888,0.5301684532924962,0.0,0.006039248203427297,False,False,True,False,False,False,True,False,0,0
0.0,0.0,1.0,0.0,0.2361111111111111,1.0,1.0,0.5,1.0,0.0,0.0,0.0,0.0,0.0,0.0,0.0,0.6666666666666666,0.6034825870646767,0.09754977029096477,0.0,0.14248894416804866,True,False,False,False,True,False,False,False,0,0
1.0,0.0,0.0,0.0,0.7222222222222222,1.0,1.0,0.5,1.0,0.0,1.0,1.0,1.0,1.0,1.0,1.0,0.6666666666666666,0.9059701492537314,0.7249617151607963,0.0,0.6543117744610283,False,False,True,False,False,False,True,False,0,0
1.0,0.0,1.0,0.0,0.4444444444444444,1.0,1.0,0.5,0.0,0.0,1.0,0.0,0.0,0.0,0.0,1.0,0.6666666666666666,0.6034825870646767,0.32128637059724346,1.0,0.2682144831398563,False,True,False,False,False,True,False,False,1,1
0.0,0.0,0.0,0.0,0.5,0.0,0.5,0.0,0.0,1.0,0.0,1.0,0.0,0.0,0.0,1.0,0.0,0.16517412935323386,0.07503828483920368,0.0,0.08258706467661693,True,False,False,False,True,False,False,False,0,0
1.0,1.0,0.0,0.0,0.9305555555555555,1.0,1.0,1.0,0.5,0.5,0.5,0.5,0.5,0.5,1.0,0.0,0.3333333333333333,0.06815920398009952,0.1773353751914242,0.0,0.06342592592592593,True,False,False,False,True,False,False,False,0,0
1.0,1.0,1.0,1.0,0.40277777777777773,1.0,1.0,0.5,0.0,0.0,1.0,0.0,1.0,1.0,0.0,1.0,0.6666666666666666,0.8527363184079605,0.3921898928024502,0.0,0.34346323935876183,False,True,False,False,False,True,False,False,0,0
0.0,0.0,0.0,0.0,0.9027777777777777,1.0,1.0,0.5,1.0,1.0,1.0,0.0,1.0,1.0,0.0,1.0,0.3333333333333333,0.9233830845771146,0.8537519142419602,0.0,0.8336097291321173,False,False,False,True,False,False,False,True,0,0
1.0,1.0,1.0,0.0,0.5694444444444444,1.0,1.0,0.5,1.0,0.0,1.0,0.0,0.0,0.0,0.0,1.0,0.0,0.6517412935323385,0.4359877488514548,1.0,0.37113045881702605,False,True,False,False,False,True,False,False,1,1
1.0,0.0,1.0,1.0,0.8333333333333333,1.0,0.0,0.0,1.0,1.0,1.0,1.0,0.0,0.0,0.5,1.0,0.0,0.47363184079601994,0.5145482388973966,0.0,0.3946932006633499,False,False,True,False,False,False,True,False,0,0
0.0,0.0,0.0,0.0,0.736111111111111,1.0,0.0,1.0,0.5,0.5,0.5,0.5,0.5,0.5,1.0,0.0,0.3333333333333333,0.01592039800995027,0.01454823889739663,0.0,0.011719181868435614,True,False,False,False,True,False,False,False,0,0
0.0,0.0,1.0,0.0,0.9444444444444444,1.0,1.0,1.0,0.5,0.5,0.5,0.5,0.5,0.5,1.0,1.0,0.3333333333333333,0.06666666666666667,0.16523736600306277,0.0,0.06296296296296296,True,False,False,False,True,False,False,False,0,0
1.0,1.0,0.0,0.0,0.027777777777777776,1.0,0.0,0.5,0.0,1.0,0.0,0.0,0.0,0.0,0.0,1.0,0.6666666666666666,0.5616915422885573,0.17274119448698316,1.0,0.015602542841348814,True,False,False,False,True,False,False,False,1,1
1.0,0.0,1.0,1.0,0.8472222222222222,0.0,0.5,0.0,1.0,0.0,1.0,0.0,0.0,0.0,0.0,0.0,0.0,0.15273631840796023,0.2670750382848392,0.0,0.12940160309563298,False,True,False,False,False,True,False,False,0,0
1.0,0.0,1.0,1.0,0.5694444444444444,1.0,0.0,1.0,0.5,0.5,0.5,0.5,0.5,0.5,1.0,1.0,1.0,0.017412935323383064,0.9618683001531393,0.0,0.009915699281370911,False,False,False,True,False,False,False,True,0,0
1.0,1.0,0.0,0.0,0.9583333333333333,1.0,1.0,0.0,1.0,0.0,1.0,1.0,0.0,1.0,1.0,0.0,0.3333333333333333,0.5557213930348259,0.6525267993874425,0.0,0.5325663349917081,False,False,True,False,False,False,True,False,0,0
1.0,1.0,1.0,1.0,0.4861111111111111,1.0,0.0,0.0,0.0,1.0,0.0,1.0,1.0,1.0,0.0,1.0,0.6666666666666666,0.5751243781094528,0.3653905053598775,0.0,0.2795743504698729,False,True,False,False,False,True,False,False,0,0
1.0,0.0,0.0,0.0,0.09722222222222221,1.0,0.0,0.0,1.0,0.0,0.0,0.0,0.0,0.0,0.0,1.0,1.0,0.3258706467661692,0.4693721286370597,1.0,0.03168186843559978,False,True,False,False,False,True,False,False,1,1
0.0,1.0,1.0,0.0,0.6944444444444444,1.0,1.0,1.0,0.5,0.5,0.5,0.5,0.5,0.5,0.5,0.0,0.6666666666666666,0.06915422885572138,0.08606431852986217,0.0,0.0480237700386954,True,False,False,False,True,False,False,False,0,0
1.0,0.0,1.0,1.0,0.5,1.0,0.0,0.0,1.0,0.0,1.0,0.0,0.0,1.0,0.5,1.0,0.3333333333333333,0.4522388059701494,0.276416539050536,0.0,0.2261194029850747,False,True,False,False,False,True,False,False,0,0
0.0,0.0,1.0,0.0,0.6666666666666666,1.0,0.0,0.5,0.0,0.0,1.0,1.0,1.0,1.0,0.0,1.0,0.3333333333333333,0.8139303482587066,0.625114854517611,0.0,0.542620232172471,False,False,True,False,False,False,True,False,0,0
0.0,0.0,1.0,0.0,0.986111111111111,1.0,0.0,0.0,1.0,0.0,1.0,1.0,1.0,1.0,1.0,0.0,0.0,0.6328358208955224,0.7441041347626339,0.0,0.6240464344941956,False,False,True,False,False,False,True,False,0,0
1.0,1.0,0.0,0.0,0.9027777777777777,1.0,1.0,0.5,1.0,0.0,1.0,1.0,1.0,1.0,1.0,1.0,0.6666666666666666,0.9034825870646769,0.8539050535987749,0.0,0.8156440022111665,False,False,False,True,False,False,False,True,0,0
0.0,0.0,0.0,0.0,0.3194444444444444,1.0,1.0,0.5,0.0,0.0,0.0,0.0,1.0,1.0,0.0,1.0,0.6666666666666666,0.7487562189054727,0.3026033690658499,0.0,0.23918601437258155,False,True,False,False,False,True,False,False,0,0
0.0,1.0,0.0,0.0,0.9166666666666666,1.0,1.0,0.0,1.0,1.0,0.0,1.0,0.0,0.0,0.5,1.0,0.3333333333333333,0.4537313432835822,0.5462480857580398,0.0,0.41592039800995034,False,False,True,False,False,False,True,False,0,0
0.0,0.0,1.0,1.0,0.06944444444444445,0.0,0.5,0.0,0.0,0.0,0.0,0.0,0.0,0.0,0.0,0.0,1.0,0.06766169154228856,0.06967840735068913,0.0,0.0046987285793255945,True,False,False,False,True,False,False,False,0,0
1.0,1.0,1.0,0.0,1.0,1.0,1.0,0.5,1.0,1.0,1.0,1.0,1.0,1.0,0.0,1.0,0.3333333333333333,0.9417910447761196,0.9257274119448698,0.0,0.9417910447761196,False,False,False,True,False,False,False,True,0,0
0.0,0.0,0.0,0.0,0.027777777777777776,1.0,0.0,1.0,0.5,0.5,0.5,0.5,0.5,0.5,0.0,0.0,1.0,0.0208955223880597,0.5843797856049004,0.0,0.0005804311774461027,False,False,True,False,False,False,True,False,0,0
0.0,0.0,0.0,0.0,0.16666666666666666,1.0,0.0,1.0,0.5,0.5,0.5,0.5,0.5,0.5,0.0,0.0,1.0,0.011940298507462675,0.3226646248085758,0.0,0.001990049751243779,False,True,False,False,False,True,False,False,0,0
1.0,0.0,0.0,1.0,0.041666666666666664,1.0,1.0,0.5,0.0,0.0,1.0,0.0,0.0,1.0,0.0,0.0,0.6666666666666666,0.7323383084577115,0.34088820826952526,1.0,0.030514096185737978,False,True,False,False,False,True,False,False,1,1
1.0,0.0,0.0,0.0,1.0,1.0,1.0,0.0,0.0,1.0,1.0,1.0,1.0,1.0,1.0,1.0,0.0,0.7000000000000001,0.7728943338437978,0.0,0.7000000000000001,False,False,False,True,False,False,False,True,0,0
1.0,1.0,1.0,0.0,0.25,1.0,0.0,0.0,1.0,0.0,0.0,0.0,0.0,1.0,0.0,1.0,0.3333333333333333,0.40646766169154236,0.0038284839203675345,0.0,0.10161691542288559,True,False,False,False,True,False,False,False,0,0
1.0,0.0,0.0,0.0,0.5416666666666666,1.0,1.0,0.0,0.0,0.0,0.0,1.0,0.0,0.0,1.0,1.0,0.3333333333333333,0.3542288557213931,0.2805513016845329,0.0,0.1918739635157546,False,True,False,False,False,True,False,False,0,0
0.0,1.0,0.0,0.0,0.3611111111111111,1.0,0.0,0.5,1.0,0.0,0.0,0.0,1.0,0.0,0.0,1.0,0.3333333333333333,0.6721393034825871,0.277947932618683,0.0,0.24271697070204534,False,True,False,False,False,True,False,False,0,0
0.0,0.0,1.0,0.0,1.0,1.0,1.0,0.0,1.0,1.0,0.0,1.0,0.0,0.0,1.0,0.0,0.0,0.4626865671641792,0.6215926493108729,0.0,0.4626865671641792,False,False,True,False,False,False,True,False,0,0
1.0,0.0,1.0,0.0,0.041666666666666664,1.0,1.0,1.0,0.5,0.5,0.5,0.5,0.5,0.5,0.0,1.0,1.0,0.05323383084577117,0.9640122511485452,0.0,0.002218076285240465,False,False,False,True,False,False,False,True,0,0
1.0,0.0,0.0,0.0,0.013888888888888888,1.0,1.0,0.0,0.0,0.0,0.0,0.0,1.0,0.0,0.0,1.0,0.6666666666666666,0.41393034825870656,0.7421133231240429,1.0,0.005749032614704257,False,False,True,False,False,False,True,False,1,1
0.0,0.0,1.0,1.0,0.4722222222222222,1.0,1.0,0.5,0.0,0.0,1.0,0.0,1.0,0.0,0.0,0.0,0.6666666666666666,0.6885572139303484,0.37978560490045943,1.0,0.32515201768933116,False,True,False,False,False,True,False,False,1,1
0.0,0.0,0.0,0.0,0.15277777777777776,1.0,0.0,0.5,1.0,0.0,0.0,0.0,0.0,0.0,0.0,0.0,0.6666666666666666,0.5786069651741295,0.9444104134762634,0.0,0.08839828634604754,False,False,False,True,False,False,False,True,0,0
1.0,0.0,0.0,0.0,0.9166666666666666,1.0,0.0,1.0,0.5,0.5,0.5,0.5,0.5,0.5,1.0,0.0,0.0,0.01442786069651739,0.07105666156202144,0.0,0.013225538971807607,True,False,False,False,True,False,False,False,0,0
0.0,0.0,0.0,0.0,0.027777777777777776,1.0,1.0,0.5,0.0,0.0,1.0,0.0,0.0,0.0,0.0,0.0,1.0,0.6203980099502487,0.15130168453292495,1.0,0.017233278054173577,True,False,False,False,True,False,False,False,1,1
0.0,0.0,0.0,0.0,0.1111111111111111,1.0,0.0,0.0,1.0,0.0,0.0,1.0,0.0,1.0,0.0,0.0,0.0,0.4756218905472638,0.7258805513016845,0.0,0.05284687672747375,False,False,True,False,False,False,True,False,0,0
0.0,0.0,0.0,0.0,0.4583333333333333,1.0,0.0,0.5,0.0,0.0,0.0,0.0,0.0,0.0,0.0,1.0,0.0,0.5189054726368161,0.3142419601837672,0.0,0.23783167495854068,False,True,False,False,False,True,False,False,0,0
0.0,0.0,1.0,0.0,1.0,1.0,1.0,1.0,0.5,0.5,0.5,0.5,0.5,0.5,1.0,0.0,0.0,0.07363184079601988,0.22388973966309342,0.0,0.07363184079601988,True,False,False,False,True,False,False,False,0,0
0.0,0.0,1.0,0.0,0.8055555555555555,1.0,1.0,0.0,0.0,1.0,0.0,1.0,0.0,0.0,1.0,1.0,0.3333333333333333,0.4144278606965175,0.4656967840735069,0.0,0.3338446655610835,False,True,False,False,False,True,False,False,0,0
1.0,0.0,1.0,1.0,0.41666666666666663,1.0,1.0,0.5,0.0,1.0,0.0,1.0,0.0,0.0,0.0,1.0,0.0,0.6497512437810946,0.34134762633996935,0.0,0.2707296849087894,False,True,False,False,False,True,False,False,0,0
1.0,0.0,1.0,0.0,0.06944444444444445,0.0,0.5,0.0,0.0,0.0,0.0,0.0,0.0,0.0,0.0,1.0,0.6666666666666666,0.06666666666666667,0.0006125574272588055,1.0,0.004629629629629629,True,False,False,False,True,False,False,False,1,1
0.0,1.0,1.0,1.0,0.6388888888888888,1.0,1.0,0.5,1.0,1.0,0.0,1.0,1.0,1.0,0.0,1.0,0.6666666666666666,0.9149253731343286,0.6442572741194487,0.0,0.5845356550580433,False,False,True,False,False,False,True,False,0,0
1.0,0.0,1.0,0.0,0.05555555555555555,1.0,0.0,0.5,0.0,0.0,0.0,0.0,0.0,0.0,0.0,0.0,0.6666666666666666,0.5199004975124379,0.3891271056661562,0.0,0.02888336097291322,False,True,False,False,False,True,False,False,0,0
0.0,0.0,0.0,0.0,0.5555555555555556,1.0,0.0,0.0,1.0,1.0,0.0,0.0,1.0,0.0,0.0,0.0,1.0,0.46616915422885574,0.342572741194487,0.0,0.25898286346047544,False,True,False,False,False,True,False,False,0,0
1.0,0.0,0.0,0.0,1.0,1.0,1.0,0.0,1.0,0.0,1.0,1.0,1.0,1.0,1.0,0.0,0.3333333333333333,0.6572139303482588,0.7516079632465543,0.0,0.6572139303482588,False,False,False,True,False,False,False,True,0,0
1.0,0.0,1.0,1.0,0.6805555555555555,1.0,1.0,0.5,0.0,0.0,1.0,0.0,1.0,1.0,0.0,1.0,0.6666666666666666,0.8114427860696519,0.630781010719755,1.0,0.5522318960751798,False,False,True,False,False,False,True,False,1,1
0.0,0.0,0.0,0.0,0.013888888888888888,1.0,0.0,0.0,1.0,1.0,0.0,0.0,0.0,0.0,0.0,1.0,0.6666666666666666,0.3646766169154229,0.6879019908116386,1.0,0.005064953012714207,False,False,True,False,False,False,True,False,1,1
1.0,0.0,0.0,0.0,0.7222222222222222,1.0,0.0,0.5,0.0,1.0,0.0,0.0,0.0,1.0,0.0,1.0,0.6666666666666666,0.6676616915422886,0.5647779479326187,1.0,0.4822001105583195,False,False,True,False,False,False,True,False,1,1
0.0,0.0,1.0,1.0,1.0,1.0,0.0,1.0,0.5,0.5,0.5,0.5,0.5,0.5,1.0,1.0,0.3333333333333333,0.018407960199004984,0.0905053598774885,0.0,0.018407960199004984,True,False,False,False,True,False,False,False,0,0
0.0,1.0,1.0,1.0,0.38888888888888884,0.0,0.5,0.0,0.0,1.0,0.0,0.0,0.0,1.0,0.5,1.0,0.6666666666666666,0.2074626865671642,0.029402756508422664,0.0,0.0806799336650083,True,False,False,False,True,False,False,False,0,0
1.0,0.0,1.0,0.0,0.4583333333333333,1.0,0.0,0.5,0.0,0.0,0.0,0.0,1.0,1.0,0.0,0.0,0.6666666666666666,0.7263681592039802,0.3920367534456355,0.0,0.3329187396351576,False,True,False,False,False,True,False,False,0,0
0.0,0.0,0.0,1.0,0.1388888888888889,1.0,1.0,0.0,1.0,0.0,1.0,1.0,0.0,1.0,0.5,0.0,0.3333333333333333,0.5502487562189056,0.8373660030627871,0.0,0.07642343836373688,False,False,False,True,False,False,False,True,0,0
0.0,0.0,0.0,0.0,0.2222222222222222,1.0,0.0,0.5,0.0,1.0,1.0,0.0,0.0,1.0,0.0,1.0,0.3333333333333333,0.7457711442786071,0.1568147013782542,1.0,0.16572692095080158,True,False,False,False,True,False,False,False,1,1
0.0,0.0,1.0,1.0,0.3055555555555555,1.0,0.0,0.0,0.0,1.0,0.0,0.0,1.0,1.0,0.5,1.0,0.0,0.509950248756219,0.13736600306278712,1.0,0.15581813156440022,True,False,False,False,True,False,False,False,1,1
0.0,0.0,0.0,0.0,0.8055555555555555,1.0,1.0,1.0,0.5,0.5,0.5,0.5,0.5,0.5,1.0,1.0,0.3333333333333333,0.06417910447761192,0.1433384379785605,0.0,0.05169983416252071,True,False,False,False,True,False,False,False,0,0
1.0,0.0,1.0,0.0,1.0,1.0,1.0,0.5,0.0,1.0,1.0,1.0,1.0,1.0,1.0,1.0,0.3333333333333333,0.9104477611940301,0.9027565084226646,0.0,0.9104477611940301,False,False,False,True,False,False,False,True,0,0
1.0,0.0,0.0,0.0,0.1388888888888889,1.0,1.0,0.0,1.0,0.0,0.0,0.0,0.0,0.0,0.0,1.0,0.3333333333333333,0.36069651741293535,0.7182235834609494,0.0,0.05009673852957436,False,False,True,False,False,False,True,False,0,0
0.0,0.0,0.0,0.0,0.06944444444444445,1.0,0.0,1.0,0.5,0.5,0.5,0.5,0.5,0.5,0.0,1.0,0.3333333333333333,0.013930348258706458,0.9748851454823889,0.0,0.0009673852957435041,False,False,False,True,False,False,False,True,0,0
0.0,0.0,1.0,0.0,0.027777777777777776,1.0,0.0,0.5,0.0,0.0,0.0,0.0,0.0,0.0,0.0,1.0,0.6666666666666666,0.5218905472636817,0.11424196018376723,1.0,0.014496959646213378,True,False,False,False,True,False,False,False,1,1
0.0,0.0,0.0,0.0,0.027777777777777776,1.0,0.0,0.5,0.0,0.0,0.0,0.0,0.0,0.0,0.0,1.0,0.6666666666666666,0.5243781094527364,0.10229709035222052,1.0,0.014566058595909344,True,False,False,False,True,False,False,False,1,1
0.0,0.0,0.0,0.0,0.027777777777777776,1.0,1.0,0.0,0.0,0.0,0.0,1.0,0.0,0.0,0.0,1.0,1.0,0.35920398009950255,0.04823889739663093,0.0,0.009977888336097293,True,False,False,False,True,False,False,False,0,0
0.0,0.0,1.0,1.0,0.736111111111111,1.0,1.0,0.5,1.0,1.0,1.0,1.0,0.0,1.0,1.0,1.0,0.0,0.8537313432835824,0.7064318529862175,0.0,0.6284411276948592,False,False,True,False,False,False,True,False,0,0
1.0,1.0,0.0,0.0,0.3472222222222222,1.0,1.0,0.5,0.0,1.0,0.0,0.0,1.0,0.0,0.0,1.0,0.6666666666666666,0.7034825870646767,0.29617151607963244,1.0,0.24426478717523495,False,True,False,False,False,True,False,False,1,1
0.0,0.0,1.0,1.0,0.8888888888888888,1.0,1.0,0.5,1.0,1.0,1.0,1.0,1.0,1.0,0.5,0.0,0.6666666666666666,0.9462686567164181,0.8623277182235835,0.0,0.8411276948590383,False,False,False,True,False,False,False,True,0,0
0.0,0.0,0.0,0.0,0.027777777777777776,1.0,0.0,0.0,0.0,0.0,0.0,0.0,0.0,0.0,0.0,0.0,0.6666666666666666,0.27164179104477615,0.9453292496171516,0.0,0.007545605306799337,False,False,False,True,False,False,False,True,0,0
1.0,0.0,0.0,1.0,0.2222222222222222,1.0,1.0,0.0,1.0,1.0,0.0,0.0,0.0,1.0,0.0,1.0,0.6666666666666666,0.5059701492537314,0.02557427258805513,0.0,0.11243781094527364,True,False,False,False,True,False,False,False,0,0
0.0,0.0,0.0,0.0,0.5416666666666666,1.0,0.0,0.0,1.0,0.0,0.0,0.0,0.0,0.0,0.5,1.0,0.6666666666666666,0.2945273631840797,0.2237366003062787,0.0,0.15953565505804315,True,False,False,False,True,False,False,False,0,0
1.0,0.0,0.0,0.0,0.4861111111111111,1.0,1.0,1.0,0.5,0.5,0.5,0.5,0.5,0.5,0.0,1.0,0.6666666666666666,0.07313432835820895,0.9693721286370597,0.0,0.035551409618573795,False,False,False,True,False,False,False,True,0,0
0.0,0.0,0.0,0.0,0.4305555555555555,1.0,1.0,0.5,0.0,0.0,0.0,0.0,0.0,0.0,0.0,1.0,0.6666666666666666,0.5751243781094528,0.28483920367534454,0.0,0.24762299613045885,False,True,False,False,False,True,False,False,0,0
0.0,0.0,0.0,0.0,0.06944444444444445,1.0,0.0,0.0,1.0,0.0,0.0,1.0,0.0,0.0,0.0,0.0,0.6666666666666666,0.35771144278606976,0.40934150076569675,1.0,0.02484107241569929,False,True,False,False,False,True,False,False,1,1
1.0,1.0,1.0,0.0,1.0,1.0,1.0,0.5,0.0,1.0,1.0,1.0,1.0,1.0,1.0,1.0,0.0,0.929353233830846,0.9237366003062787,0.0,0.929353233830846,False,False,False,True,False,False,False,True,0,0
1.0,0.0,0.0,0.0,0.027777777777777776,1.0,1.0,0.5,1.0,0.0,0.0,0.0,0.0,1.0,0.0,0.0,1.0,0.7213930348258707,0.19203675344563553,0.0,0.02003869541182974,True,False,False,False,True,False,False,False,0,0
0.0,0.0,0.0,0.0,0.8472222222222222,1.0,1.0,0.0,1.0,1.0,1.0,1.0,1.0,1.0,1.0,0.0,0.6666666666666666,0.71044776119403,0.6796324655436446,0.0,0.6019071310116088,False,False,True,False,False,False,True,False,0,0
0.0,0.0,0.0,0.0,0.4305555555555555,1.0,1.0,0.0,1.0,0.0,1.0,1.0,0.0,0.0,0.0,0.0,0.3333333333333333,0.46766169154228865,0.2457886676875957,1.0,0.20135433941404093,True,False,False,False,True,False,False,False,1,1
1.0,0.0,0.0,0.0,0.027777777777777776,0.0,0.5,0.0,0.0,1.0,1.0,1.0,0.0,0.0,0.0,1.0,0.3333333333333333,0.22039800995024877,0.8981623277182236,1.0,0.006122166943062466,False,False,False,True,False,False,False,True,1,1
1.0,0.0,0.0,1.0,0.013888888888888888,1.0,0.0,1.0,0.5,0.5,0.5,0.5,0.5,0.5,0.0,0.0,1.0,0.02487562189054727,0.24823889739663094,0.0,0.00034549474847982316,False,True,False,False,False,True,False,False,0,0
0.0,0.0,1.0,1.0,0.013888888888888888,1.0,0.0,1.0,0.5,0.5,0.5,0.5,0.5,0.5,1.0,0.0,1.0,0.0208955223880597,0.2470137825421133,0.0,0.00029021558872305135,False,True,False,False,False,True,False,False,0,0
1.0,0.0,0.0,0.0,0.8194444444444444,1.0,0.0,1.0,0.5,0.5,0.5,0.5,0.5,0.5,1.0,1.0,0.0,0.019402985074626847,0.05482388973966309,0.0,0.015899668325041444,True,False,False,False,True,False,False,False,0,0
0.0,0.0,0.0,0.0,0.013888888888888888,1.0,1.0,0.5,0.0,0.0,0.0,0.0,1.0,1.0,0.0,0.0,1.0,0.7701492537313436,0.9871362940275651,1.0,0.010696517412935327,False,False,False,True,False,False,False,True,1,1
0.0,0.0,0.0,0.0,0.125,1.0,0.0,0.0,0.0,0.0,0.0,0.0,0.0,0.0,0.0,0.0,0.6666666666666666,0.2676616915422886,0.5448698315467075,1.0,0.03345771144278607,False,False,True,False,False,False,True,False,1,1
0.0,0.0,1.0,1.0,0.19444444444444442,1.0,1.0,0.5,0.0,0.0,0.0,1.0,1.0,0.0,0.0,1.0,0.6666666666666666,0.7303482587064678,0.08453292496171516,1.0,0.1420121614151465,True,False,False,False,True,False,False,False,1,1
0.0,0.0,0.0,0.0,0.16666666666666666,1.0,1.0,0.5,0.0,0.0,0.0,0.0,0.0,1.0,0.0,1.0,0.6666666666666666,0.6796019900497513,0.019448698315467073,0.0,0.11326699834162521,True,False,False,False,True,False,False,False,0,0
0.0,0.0,0.0,0.0,0.6527777777777778,1.0,0.0,0.0,0.0,0.0,1.0,1.0,1.0,1.0,1.0,0.0,1.0,0.5592039800995026,0.4663093415007657,0.0,0.36503593145384194,False,True,False,False,False,True,False,False,0,0
0.0,0.0,1.0,1.0,0.09722222222222221,1.0,1.0,0.0,0.0,0.0,0.0,0.0,0.0,0.0,0.0,0.0,0.6666666666666666,0.30398009950248756,0.46324655436447165,0.0,0.029553620784964065,False,True,False,False,False,True,False,False,0,0
0.0,0.0,1.0,1.0,0.38888888888888884,1.0,1.0,0.5,0.0,0.0,0.0,1.0,0.0,1.0,0.5,1.0,0.6666666666666666,0.7184079601990051,0.33124042879019905,0.0,0.27938087341072415,False,True,False,False,False,True,False,False,0,0
0.0,0.0,1.0,1.0,0.9722222222222222,1.0,0.0,1.0,0.5,0.5,0.5,0.5,0.5,0.5,1.0,0.0,0.0,0.015422885572139309,0.10474732006125574,0.0,0.014994472084024327,True,False,False,False,True,False,False,False,0,0
0.0,0.0,1.0,1.0,0.3611111111111111,1.0,0.0,1.0,0.5,0.5,0.5,0.5,0.5,0.5,1.0,0.0,0.3333333333333333,0.013930348258706458,0.6411944869831546,0.0,0.0050304035378662204,False,False,True,False,False,False,True,False,0,0
0.0,0.0,1.0,1.0,0.8472222222222222,1.0,1.0,0.5,0.0,1.0,0.0,0.0,1.0,1.0,0.0,1.0,0.6666666666666666,0.8049751243781097,0.7539050535987749,1.0,0.6819928137092318,False,False,False,True,False,False,False,True,1,1
0.0,0.0,1.0,0.0,0.9722222222222222,1.0,1.0,0.5,0.0,0.0,1.0,0.0,1.0,1.0,0.5,1.0,0.6666666666666666,0.8308457711442788,0.850229709035222,0.0,0.8077667219458267,False,False,False,True,False,False,False,True,0,0
0.0,0.0,0.0,0.0,0.013888888888888888,1.0,0.0,1.0,0.5,0.5,0.5,0.5,0.5,0.5,0.0,0.0,1.0,0.012437810945273634,0.22725880551301683,0.0,0.00017274737423991158,True,False,False,False,True,False,False,False,0,0
0.0,1.0,0.0,0.0,0.5138888888888888,1.0,1.0,0.5,0.0,0.0,0.0,0.0,1.0,1.0,0.0,1.0,0.6666666666666666,0.7791044776119405,0.47488514548238897,1.0,0.40037313432835825,False,True,False,False,False,True,False,False,1,1
1.0,0.0,1.0,1.0,0.8333333333333333,1.0,0.0,0.5,0.0,1.0,1.0,0.0,1.0,0.0,0.5,0.0,0.6666666666666666,0.7233830845771145,0.6938744257274119,1.0,0.6028192371475954,False,False,True,False,False,False,True,False,1,1
1.0,1.0,1.0,1.0,0.986111111111111,1.0,1.0,0.5,1.0,1.0,0.0,0.0,1.0,1.0,0.0,1.0,0.3333333333333333,0.864179104477612,0.8877488514548239,1.0,0.8521766169154229,False,False,False,True,False,False,False,True,1,1
1.0,0.0,0.0,0.0,0.4305555555555555,1.0,0.0,0.5,0.0,1.0,1.0,0.0,1.0,1.0,0.0,1.0,0.6666666666666666,0.8273631840796022,0.4185298621745789,0.0,0.35622581536760645,False,True,False,False,False,True,False,False,0,0
1.0,0.0,1.0,1.0,0.19444444444444442,1.0,0.0,1.0,0.5,0.5,0.5,0.5,0.5,0.5,0.5,0.0,1.0,0.01492537313432835,0.4110260336906585,0.0,0.002902155887230512,False,True,False,False,False,True,False,False,0,0
1.0,0.0,1.0,1.0,0.6944444444444444,1.0,0.0,0.5,0.0,1.0,1.0,1.0,1.0,1.0,0.5,1.0,0.0,0.8472636815920401,0.6721286370597244,0.0,0.588377556661139,False,False,True,False,False,False,True,False,0,0
1.0,0.0,1.0,1.0,0.013888888888888888,1.0,0.0,1.0,0.5,0.5,0.5,0.5,0.5,0.5,0.0,0.0,0.6666666666666666,0.01492537313432835,0.22802450229709034,0.0,0.00020729684908789373,True,False,False,False,True,False,False,False,0,0
1.0,1.0,1.0,0.0,0.5694444444444444,1.0,1.0,0.5,0.0,0.0,1.0,0.0,1.0,1.0,0.0,1.0,0.6666666666666666,0.8114427860696519,0.5554364471669219,1.0,0.4620715865118851,False,False,True,False,False,False,True,False,1,1
1.0,1.0,1.0,0.0,0.41666666666666663,1.0,0.0,0.0,0.0,1.0,0.0,0.0,0.0,0.0,0.0,1.0,0.0,0.3199004975124378,0.145635528330781,1.0,0.13329187396351574,True,False,False,False,True,False,False,False,1,1
1.0,1.0,1.0,1.0,0.8888888888888888,1.0,1.0,1.0,0.5,0.5,0.5,0.5,0.5,0.5,1.0,1.0,0.0,0.06119402985074625,0.15068912710566615,0.0,0.05439469320066333,True,False,False,False,True,False,False,False,0,0
1.0,1.0,1.0,0.0,0.09722222222222221,1.0,1.0,0.0,1.0,1.0,0.0,1.0,0.0,0.0,0.0,0.0,0.6666666666666666,0.45721393034825886,0.6156202143950995,0.0,0.04445135433941405,False,False,True,False,False,False,True,False,0,0
1.0,0.0,1.0,1.0,0.013888888888888888,1.0,0.0,0.5,0.0,1.0,0.0,0.0,0.0,0.0,0.0,0.0,0.3333333333333333,0.5606965174129354,0.8762633996937212,0.0,0.007787451630735213,False,False,False,True,False,False,False,True,0,0
1.0,0.0,1.0,0.0,0.7083333333333333,1.0,0.0,0.0,1.0,1.0,1.0,1.0,1.0,1.0,1.0,1.0,0.3333333333333333,0.6527363184079602,0.56156202143951,0.0,0.4623548922056384,False,False,True,False,False,False,True,False,0,0
0.0,0.0,1.0,1.0,0.6944444444444444,1.0,1.0,0.0,1.0,1.0,1.0,1.0,0.0,1.0,0.5,1.0,0.0,0.6149253731343284,0.5295558958652373,0.0,0.42703150912106136,False,False,True,False,False,False,True,False,0,0
1.0,0.0,1.0,1.0,0.611111111111111,1.0,0.0,1.0,0.5,0.5,0.5,0.5,0.5,0.5,0.5,1.0,0.0,0.022388059701492522,0.9572741194486983,0.0,0.013681592039800985,False,False,False,True,False,False,False,True,0,0
0.0,0.0,0.0,0.0,0.9027777777777777,1.0,1.0,0.5,0.0,1.0,0.0,1.0,1.0,1.0,0.5,1.0,0.0,0.8636815920398012,0.8185298621745788,0.0,0.7797125483692648,False,False,False,True,False,False,False,True,0,0
0.0,1.0,0.0,0.0,0.013888888888888888,0.0,0.5,0.0,0.0,0.0,0.0,0.0,0.0,0.0,0.0,1.0,1.0,0.07412935323383087,0.33016845329249617,1.0,0.001029574350469873,False,True,False,False,False,True,False,False,1,1
1.0,0.0,0.0,0.0,0.027777777777777776,1.0,0.0,0.0,0.0,0.0,0.0,0.0,0.0,0.0,0.0,1.0,1.0,0.2661691542288558,0.9903522205206737,1.0,0.0073935876174682155,False,False,False,True,False,False,False,True,1,1
0.0,0.0,0.0,0.0,0.6666666666666666,1.0,0.0,0.5,1.0,0.0,1.0,1.0,1.0,1.0,1.0,1.0,0.3333333333333333,0.8383084577114429,0.636447166921899,0.0,0.5588723051409619,False,False,True,False,False,False,True,False,0,0
0.0,0.0,0.0,0.0,0.08333333333333333,1.0,1.0,0.5,0.0,1.0,1.0,1.0,1.0,1.0,0.0,1.0,0.3333333333333333,0.9119402985074628,0.8131699846860643,1.0,0.0759950248756219,False,False,False,True,False,False,False,True,1,1
0.0,0.0,0.0,0.0,0.4861111111111111,1.0,0.0,0.0,0.0,0.0,1.0,0.0,0.0,1.0,0.0,1.0,0.6666666666666666,0.43631840796019916,0.2644716692189893,0.0,0.2120992260917635,False,True,False,False,False,True,False,False,0,0
0.0,0.0,0.0,0.0,0.3055555555555555,0.0,0.5,0.0,0.0,1.0,0.0,0.0,1.0,1.0,0.0,1.0,0.6666666666666666,0.3194029850746269,0.02986217457886677,0.0,0.09759535655058042,True,False,False,False,True,False,False,False,0,0
1.0,0.0,1.0,1.0,1.0,0.0,0.5,0.0,1.0,0.0,1.0,1.0,1.0,1.0,1.0,0.0,0.0,0.4248756218905474,0.5937212863705972,0.0,0.4248756218905474,False,False,True,False,False,False,True,False,0,0
0.0,1.0,1.0,1.0,0.7638888888888888,1.0,1.0,0.0,1.0,0.0,1.0,1.0,1.0,0.0,0.5,0.0,0.6666666666666666,0.5771144278606966,0.5436447166921898,0.0,0.4408512990602543,False,False,True,False,False,False,True,False,0,0
1.0,0.0,1.0,1.0,0.9583333333333333,1.0,0.0,0.5,1.0,1.0,0.0,1.0,1.0,1.0,1.0,1.0,0.3333333333333333,0.8766169154228857,0.8649310872894334,0.0,0.8400912106135987,False,False,False,True,False,False,False,True,0,0
1.0,1.0,1.0,0.0,1.0,1.0,1.0,0.0,0.0,0.0,1.0,0.0,1.0,1.0,1.0,1.0,0.3333333333333333,0.5492537313432837,0.6817764165390505,0.0,0.5492537313432837,False,False,True,False,False,False,True,False,0,0
0.0,1.0,0.0,0.0,0.013888888888888888,1.0,0.0,0.5,0.0,0.0,0.0,0.0,1.0,1.0,0.0,1.0,0.6666666666666666,0.7268656716417911,0.9715160796324656,1.0,0.01009535655058043,False,False,False,True,False,False,False,True,1,1
0.0,0.0,0.0,1.0,0.3611111111111111,1.0,0.0,0.5,0.0,1.0,1.0,1.0,1.0,1.0,1.0,1.0,0.6666666666666666,0.8676616915422887,0.3606431852986217,0.0,0.31332227750138203,False,True,False,False,False,True,False,False,0,0
1.0,0.0,1.0,1.0,0.3194444444444444,1.0,0.0,1.0,0.5,0.5,0.5,0.5,0.5,0.5,1.0,0.0,1.0,0.026368159203980092,0.5920367534456356,0.0,0.008423161967938084,False,False,True,False,False,False,True,False,0,0
0.0,0.0,0.0,0.0,0.027777777777777776,1.0,0.0,1.0,0.5,0.5,0.5,0.5,0.5,0.5,0.0,0.0,0.3333333333333333,0.0208955223880597,0.46401225114854516,0.0,0.0005804311774461027,False,True,False,False,False,True,False,False,0,0
1.0,0.0,1.0,0.0,0.027777777777777776,1.0,0.0,0.5,0.0,0.0,1.0,0.0,0.0,0.0,0.0,0.0,0.6666666666666666,0.5786069651741295,0.14196018376722816,1.0,0.016072415699281372,True,False,False,False,True,False,False,False,1,1
0.0,1.0,0.0,0.0,0.5555555555555556,1.0,1.0,0.5,0.0,0.0,1.0,1.0,1.0,1.0,0.5,1.0,0.3333333333333333,0.8507462686567165,0.5479326186830015,0.0,0.4726368159203981,False,False,True,False,False,False,True,False,0,0
0.0,0.0,0.0,0.0,0.013888888888888888,1.0,1.0,0.5,0.0,0.0,0.0,0.0,1.0,1.0,0.0,1.0,0.6666666666666666,0.7597014925373136,0.9837672281776416,1.0,0.0105514096185738,False,False,False,True,False,False,False,True,1,1
0.0,1.0,1.0,0.0,0.375,1.0,0.0,0.5,1.0,0.0,0.0,0.0,0.0,0.0,0.0,1.0,0.0,0.5666666666666668,0.233843797856049,1.0,0.21250000000000002,True,False,False,False,True,False,False,False,1,1
0.0,0.0,1.0,1.0,0.125,1.0,0.0,0.0,1.0,1.0,1.0,1.0,0.0,0.0,0.0,0.0,1.0,0.4651741293532339,0.8085758039816232,1.0,0.058146766169154235,False,False,False,True,False,False,False,True,1,1
0.0,1.0,1.0,0.0,0.6944444444444444,1.0,1.0,0.5,0.0,1.0,0.0,0.0,1.0,0.0,0.0,1.0,0.6666666666666666,0.6945273631840797,0.5678407350689126,1.0,0.48231066887783314,False,False,True,False,False,False,True,False,1,1
1.0,0.0,1.0,1.0,0.6388888888888888,1.0,0.0,1.0,0.5,0.5,0.5,0.5,0.5,0.5,0.5,1.0,0.0,0.019402985074626847,0.9482388973966309,0.0,0.01239635157545604,False,False,False,True,False,False,False,True,0,0
0.0,0.0,1.0,0.0,0.20833333333333331,1.0,1.0,1.0,0.5,0.5,0.5,0.5,0.5,0.5,1.0,0.0,1.0,0.06915422885572138,0.5068912710566615,0.0,0.01440713101160862,False,False,True,False,False,False,True,False,0,0
0.0,0.0,0.0,0.0,0.3194444444444444,1.0,1.0,0.0,1.0,0.0,1.0,0.0,1.0,1.0,0.5,1.0,0.6666666666666666,0.6000000000000001,0.21516079632465543,0.0,0.19166666666666668,True,False,False,False,True,False,False,False,0,0
0.0,0.0,0.0,0.0,0.027777777777777776,1.0,0.0,0.0,0.0,1.0,0.0,0.0,1.0,0.0,0.0,1.0,0.6666666666666666,0.4054726368159205,0.04134762633996937,0.0,0.011263128800442236,True,False,False,False,True,False,False,False,0,0
1.0,0.0,0.0,0.0,0.25,1.0,1.0,0.5,0.0,0.0,1.0,0.0,0.0,1.0,0.0,1.0,0.3333333333333333,0.7208955223880599,0.16125574272588056,1.0,0.18022388059701497,True,False,False,False,True,False,False,False,1,1
0.0,1.0,0.0,0.0,0.9722222222222222,1.0,1.0,0.0,0.0,1.0,1.0,1.0,1.0,0.0,1.0,1.0,0.0,0.5696517412935325,0.6689127105666156,0.0,0.5538280818131566,False,False,True,False,False,False,True,False,0,0
0.0,0.0,1.0,1.0,0.125,1.0,0.0,0.0,1.0,0.0,0.0,0.0,0.0,0.0,0.5,0.0,1.0,0.3019900497512438,0.5513016845329249,0.0,0.03774875621890548,False,False,True,False,False,False,True,False,0,0
1.0,0.0,1.0,1.0,0.41666666666666663,1.0,1.0,0.0,1.0,1.0,1.0,1.0,0.0,0.0,0.0,0.0,0.6666666666666666,0.491044776119403,0.24915773353751913,0.0,0.20460199004975124,False,True,False,False,False,True,False,False,0,0
1.0,0.0,1.0,1.0,0.20833333333333331,1.0,0.0,0.5,1.0,0.0,0.0,0.0,0.0,0.0,0.0,0.0,1.0,0.5656716417910448,0.044104134762633994,0.0,0.11784825870646766,True,False,False,False,True,False,False,False,0,0
1.0,1.0,0.0,0.0,0.5416666666666666,1.0,1.0,0.5,0.0,1.0,0.0,0.0,0.0,1.0,0.0,0.0,0.6666666666666666,0.7208955223880599,0.452833078101072,0.0,0.3904850746268657,False,True,False,False,False,True,False,False,0,0
0.0,0.0,0.0,0.0,0.16666666666666666,1.0,0.0,0.0,0.0,1.0,0.0,0.0,0.0,0.0,0.0,1.0,0.6666666666666666,0.3099502487562189,0.7643185298621745,0.0,0.051658374792703146,False,False,False,True,False,False,False,True,0,0
1.0,0.0,0.0,0.0,0.2638888888888889,1.0,0.0,0.5,0.0,0.0,1.0,1.0,1.0,0.0,0.0,0.0,1.0,0.7134328358208957,0.18024502297090353,0.0,0.18826699834162525,True,False,False,False,True,False,False,False,0,0
1.0,1.0,0.0,0.0,0.3333333333333333,1.0,1.0,0.0,0.0,1.0,0.0,0.0,0.0,0.0,0.0,0.0,0.3333333333333333,0.36368159203980105,0.08131699846860643,0.0,0.12122719734660034,True,False,False,False,True,False,False,False,0,0
0.0,0.0,0.0,0.0,0.9305555555555555,1.0,1.0,0.5,1.0,1.0,1.0,0.0,1.0,0.0,0.0,1.0,0.3333333333333333,0.8427860696517414,0.8316998468606431,1.0,0.7842592592592593,False,False,False,True,False,False,False,True,1,1
1.0,0.0,0.0,0.0,0.9583333333333333,0.0,0.5,0.0,1.0,1.0,0.0,1.0,1.0,1.0,1.0,1.0,0.0,0.4159203980099503,0.5464012251148544,0.0,0.39859038142620234,False,False,True,False,False,False,True,False,0,0
0.0,0.0,1.0,1.0,0.7638888888888888,1.0,1.0,0.5,1.0,1.0,0.0,0.0,0.0,0.0,0.0,1.0,0.6666666666666666,0.6651741293532338,0.5990811638591118,0.0,0.5081191265892758,False,False,True,False,False,False,True,False,0,0
1.0,0.0,0.0,0.0,0.7222222222222222,1.0,0.0,0.0,1.0,1.0,0.0,0.0,1.0,0.0,1.0,1.0,0.3333333333333333,0.4477611940298508,0.444104134762634,0.0,0.32338308457711445,False,True,False,False,False,True,False,False,0,0
0.0,0.0,0.0,0.0,0.2361111111111111,1.0,1.0,0.5,1.0,1.0,0.0,0.0,1.0,0.0,0.0,1.0,0.6666666666666666,0.7577114427860699,0.16569678407350688,1.0,0.17890409065782206,True,False,False,False,True,False,False,False,1,1
0.0,0.0,0.0,1.0,0.2638888888888889,1.0,0.0,0.0,0.0,0.0,0.0,1.0,0.0,0.0,0.0,0.0,1.0,0.30398009950248756,0.988208269525268,0.0,0.08021697070204532,False,False,False,True,False,False,False,True,0,0
1.0,0.0,0.0,0.0,0.5416666666666666,1.0,1.0,0.5,0.0,0.0,0.0,0.0,0.0,0.0,0.0,0.0,0.6666666666666666,0.5671641791044777,0.4003062787136294,1.0,0.3072139303482587,False,True,False,False,False,True,False,False,1,1
1.0,0.0,0.0,0.0,0.5555555555555556,1.0,0.0,0.0,1.0,1.0,0.0,1.0,0.0,0.0,0.0,1.0,1.0,0.4343283582089553,0.35084226646248085,0.0,0.24129353233830853,False,True,False,False,False,True,False,False,0,0
1.0,0.0,0.0,0.0,0.3611111111111111,1.0,0.0,1.0,0.5,0.5,0.5,0.5,0.5,0.5,0.0,0.0,1.0,0.026368159203980092,0.6650842266462481,0.0,0.009521835268103922,False,False,True,False,False,False,True,False,0,0
0.0,0.0,0.0,0.0,0.013888888888888888,1.0,0.0,1.0,0.5,0.5,0.5,0.5,0.5,0.5,0.0,0.0,1.0,0.016417910447761173,0.22848392036753445,0.0,0.00022802653399668293,True,False,False,False,True,False,False,False,0,0
1.0,1.0,1.0,0.0,0.25,1.0,0.0,0.5,0.0,0.0,0.0,0.0,0.0,1.0,0.0,0.0,0.6666666666666666,0.6000000000000001,0.11883614088820826,1.0,0.15000000000000002,True,False,False,False,True,False,False,False,1,1
0.0,1.0,0.0,0.0,0.20833333333333331,1.0,0.0,0.5,0.0,1.0,0.0,0.0,0.0,0.0,0.0,1.0,0.3333333333333333,0.5676616915422886,0.043032159264931084,1.0,0.11826285240464346,True,False,False,False,True,False,False,False,1,1
0.0,0.0,0.0,0.0,0.027777777777777776,1.0,0.0,1.0,0.5,0.5,0.5,0.5,0.5,0.5,0.0,1.0,1.0,0.02189054726368159,0.5494640122511485,0.0,0.0006080707573244885,False,False,True,False,False,False,True,False,0,0
0.0,0.0,1.0,0.0,0.013888888888888888,1.0,0.0,0.5,0.0,0.0,0.0,0.0,1.0,0.0,0.0,1.0,0.0,0.6079601990049751,0.9136294027565084,1.0,0.008443891652846876,False,False,False,True,False,False,False,True,1,1
1.0,0.0,0.0,0.0,0.3194444444444444,1.0,0.0,0.5,0.0,1.0,0.0,0.0,1.0,1.0,0.0,0.0,1.0,0.7666666666666668,0.27748851454823886,0.0,0.24490740740740743,False,True,False,False,False,True,False,False,0,0
0.0,0.0,1.0,1.0,1.0,1.0,1.0,0.0,1.0,0.0,1.0,1.0,0.0,0.0,1.0,0.0,0.0,0.4835820895522388,0.6168453292496171,0.0,0.4835820895522388,False,False,True,False,False,False,True,False,0,0
0.0,0.0,0.0,0.0,0.027777777777777776,1.0,0.0,1.0,0.5,0.5,0.5,0.5,0.5,0.5,0.0,0.0,1.0,0.020398009950248767,0.5347626339969372,0.0,0.0005666113875069102,False,False,True,False,False,False,True,False,0,0
1.0,1.0,1.0,0.0,0.9722222222222222,1.0,1.0,0.0,1.0,1.0,1.0,1.0,1.0,1.0,1.0,1.0,0.3333333333333333,0.6995024875621891,0.7808575803981623,0.0,0.6800718629076838,False,False,False,True,False,False,False,True,0,0
0.0,0.0,1.0,1.0,0.6388888888888888,1.0,0.0,1.0,0.5,0.5,0.5,0.5,0.5,0.5,1.0,1.0,1.0,0.016915422885572132,0.9773353751914242,0.0,0.010807075732448861,False,False,False,True,False,False,False,True,0,0
0.0,0.0,0.0,0.0,0.5,1.0,0.0,1.0,0.5,0.5,0.5,0.5,0.5,0.5,0.5,0.0,1.0,0.012935323383084566,0.7727411944869831,0.0,0.006467661691542283,False,False,False,True,False,False,False,True,0,0
0.0,0.0,1.0,0.0,1.0,1.0,1.0,0.5,1.0,0.0,1.0,1.0,1.0,1.0,1.0,1.0,0.3333333333333333,0.9144278606965176,0.9116385911179172,0.0,0.9144278606965176,False,False,False,True,False,False,False,True,0,0
0.0,0.0,1.0,1.0,0.08333333333333333,1.0,0.0,0.0,0.0,0.0,0.0,1.0,0.0,0.0,0.0,1.0,1.0,0.30398009950248756,0.3929555895865237,0.0,0.025331674958540627,False,True,False,False,False,True,False,False,0,0
0.0,0.0,0.0,1.0,0.05555555555555555,1.0,0.0,1.0,0.5,0.5,0.5,0.5,0.5,0.5,0.0,0.0,0.3333333333333333,0.02139303482587063,0.9834609494640122,0.0,0.0011885019347705906,False,False,False,True,False,False,False,True,0,0
0.0,0.0,0.0,0.0,0.013888888888888888,1.0,1.0,0.5,0.0,0.0,0.0,0.0,0.0,1.0,0.0,1.0,1.0,0.6686567164179106,0.9509954058192955,1.0,0.009286898839137647,False,False,False,True,False,False,False,True,1,1
0.0,0.0,0.0,0.0,0.013888888888888888,1.0,0.0,0.5,1.0,1.0,0.0,1.0,0.0,0.0,0.0,1.0,1.0,0.6482587064676618,0.9390505359877488,0.0,0.009003593145384192,False,False,False,True,False,False,False,True,0,0
0.0,0.0,0.0,0.0,0.18055555555555555,1.0,1.0,0.5,1.0,0.0,0.0,0.0,1.0,1.0,0.0,1.0,0.6666666666666666,0.8169154228855723,0.0993874425727412,1.0,0.1474986180210061,True,False,False,False,True,False,False,False,1,1
0.0,0.0,1.0,0.0,0.8888888888888888,0.0,0.5,0.0,1.0,0.0,1.0,1.0,0.0,1.0,1.0,0.0,0.6666666666666666,0.2945273631840797,0.4191424196018377,1.0,0.2618021006080708,False,True,False,False,False,True,False,False,1,1
1.0,0.0,0.0,1.0,0.1111111111111111,0.0,0.5,0.0,1.0,0.0,0.0,1.0,0.0,1.0,1.0,1.0,1.0,0.26169154228855723,0.4546707503828484,0.0,0.029076838032061913,False,True,False,False,False,True,False,False,0,0
1.0,0.0,1.0,1.0,1.0,1.0,1.0,0.5,0.0,1.0,1.0,1.0,1.0,1.0,1.0,1.0,0.0,0.9353233830845774,0.9246554364471669,0.0,0.9353233830845774,False,False,False,True,False,False,False,True,0,0
1.0,0.0,0.0,0.0,0.013888888888888888,1.0,1.0,0.5,0.0,0.0,0.0,0.0,0.0,0.0,0.0,1.0,0.6666666666666666,0.5691542288557215,0.8837672281776416,1.0,0.007904919845218353,False,False,False,True,False,False,False,True,1,1
0.0,0.0,0.0,0.0,0.05555555555555555,1.0,1.0,0.5,0.0,0.0,0.0,1.0,1.0,1.0,0.0,1.0,1.0,0.8218905472636818,0.5214395099540582,0.0,0.04566058595909343,False,False,True,False,False,False,True,False,0,0
1.0,0.0,0.0,1.0,0.013888888888888888,1.0,0.0,0.0,0.0,0.0,1.0,0.0,0.0,0.0,0.0,1.0,0.6666666666666666,0.31442786069651746,0.6349157733537519,0.0,0.004367053620784964,False,False,True,False,False,False,True,False,0,0
1.0,0.0,1.0,1.0,0.861111111111111,1.0,1.0,1.0,0.5,0.5,0.5,0.5,0.5,0.5,1.0,1.0,0.0,0.059701492537313425,0.12021439509954057,0.0,0.051409618573797666,True,False,False,False,True,False,False,False,0,0
0.0,1.0,0.0,0.0,0.4722222222222222,1.0,1.0,0.5,0.0,1.0,0.0,1.0,1.0,0.0,0.0,1.0,0.6666666666666666,0.7771144278606966,0.42496171516079634,0.0,0.36697070204532894,False,True,False,False,False,True,False,False,0,0
1.0,0.0,0.0,1.0,0.013888888888888888,1.0,0.0,0.0,0.0,0.0,0.0,0.0,0.0,0.0,0.0,1.0,0.6666666666666666,0.2601990049751244,0.5728943338437978,1.0,0.0036138750690989496,False,False,True,False,False,False,True,False,1,1
1.0,0.0,1.0,0.0,0.3333333333333333,1.0,1.0,0.5,0.0,0.0,1.0,0.0,1.0,1.0,0.0,1.0,0.6666666666666666,0.8238805970149256,0.3110260336906585,1.0,0.27462686567164185,False,True,False,False,False,True,False,False,1,1
1.0,0.0,1.0,1.0,1.0,1.0,1.0,0.5,1.0,0.0,1.0,0.0,1.0,1.0,1.0,0.0,0.0,0.8656716417910449,0.8924961715160796,0.0,0.8656716417910449,False,False,False,True,False,False,False,True,0,0
0.0,0.0,0.0,0.0,0.013888888888888888,1.0,0.0,1.0,0.5,0.5,0.5,0.5,0.5,0.5,0.0,0.0,0.3333333333333333,0.016915422885572132,0.22863705972434914,0.0,0.0002349364289662796,True,False,False,False,True,False,False,False,0,0
0.0,1.0,1.0,0.0,0.875,1.0,1.0,0.5,0.0,1.0,1.0,0.0,1.0,1.0,0.0,1.0,0.6666666666666666,0.848258706467662,0.7963246554364471,0.0,0.7422263681592043,False,False,False,True,False,False,False,True,0,0
0.0,0.0,1.0,1.0,0.9166666666666666,1.0,1.0,0.5,1.0,1.0,1.0,0.0,1.0,1.0,1.0,0.0,0.0,0.9054726368159206,0.851301684532925,0.0,0.8300165837479272,False,False,False,True,False,False,False,True,0,0
1.0,0.0,1.0,0.0,0.8472222222222222,1.0,1.0,0.0,0.0,1.0,1.0,0.0,1.0,1.0,0.5,1.0,0.6666666666666666,0.6124378109452737,0.6375191424196018,0.0,0.518870923161968,False,False,True,False,False,False,True,False,0,0
1.0,0.0,0.0,0.0,0.9305555555555555,1.0,0.0,1.0,0.5,0.5,0.5,0.5,0.5,0.5,1.0,0.0,0.0,0.016915422885572132,0.08759571209800919,0.0,0.015740740740740732,True,False,False,False,True,False,False,False,0,0
0.0,0.0,0.0,0.0,0.16666666666666666,1.0,0.0,0.5,0.0,0.0,1.0,0.0,1.0,1.0,0.5,0.0,1.0,0.7686567164179107,0.033996937212863704,1.0,0.12810945273631844,True,False,False,False,True,False,False,False,1,1
1.0,0.0,1.0,1.0,0.2638888888888889,0.0,0.5,0.0,1.0,1.0,0.0,0.0,0.0,0.0,0.0,1.0,1.0,0.16616915422885578,0.7635528330781011,0.0,0.043850193477059166,False,False,False,True,False,False,False,True,0,0
1.0,0.0,0.0,0.0,0.9305555555555555,1.0,0.0,1.0,0.5,0.5,0.5,0.5,0.5,0.5,1.0,0.0,0.0,0.022388059701492522,0.12235834609494639,0.0,0.02083333333333332,True,False,False,False,True,False,False,False,0,0
0.0,0.0,0.0,0.0,0.18055555555555555,1.0,1.0,0.5,1.0,0.0,0.0,0.0,0.0,0.0,0.0,1.0,0.3333333333333333,0.6144278606965174,0.009341500765696785,0.0,0.1109383637368712,True,False,False,False,True,False,False,False,0,0
0.0,0.0,0.0,0.0,0.013888888888888888,1.0,0.0,0.0,0.0,0.0,0.0,0.0,0.0,0.0,0.0,0.0,1.0,0.2676616915422886,0.5839203675344563,0.0,0.003717523493642897,False,False,True,False,False,False,True,False,0,0
0.0,0.0,1.0,1.0,0.041666666666666664,1.0,1.0,0.5,0.0,0.0,0.0,0.0,0.0,1.0,0.0,1.0,0.0,0.6616915422885573,0.35038284839203676,1.0,0.027570480928689887,False,True,False,False,False,True,False,False,1,1
1.0,0.0,0.0,1.0,0.041666666666666664,1.0,0.0,1.0,0.5,0.5,0.5,0.5,0.5,0.5,0.0,1.0,1.0,0.017910447761194024,0.8837672281776416,0.0,0.0007462686567164176,False,False,False,True,False,False,False,True,0,0
0.0,0.0,1.0,1.0,0.2361111111111111,1.0,1.0,0.5,1.0,0.0,1.0,0.0,1.0,1.0,0.0,1.0,0.6666666666666666,0.855223880597015,0.19341500765696784,1.0,0.20192786069651744,True,False,False,False,True,False,False,False,1,1
1.0,0.0,0.0,0.0,0.7222222222222222,1.0,0.0,0.0,1.0,0.0,1.0,0.0,0.0,0.0,0.5,0.0,0.6666666666666666,0.35323383084577115,0.37044410413476264,0.0,0.2551133222775014,False,True,False,False,False,True,False,False,0,0
1.0,0.0,1.0,1.0,0.7083333333333333,1.0,0.0,1.0,0.5,0.5,0.5,0.5,0.5,0.5,0.5,0.0,1.0,0.011442786069651713,0.9993874425727411,0.0,0.00810530679933663,False,False,False,True,False,False,False,True,0,0
0.0,1.0,0.0,0.0,0.06944444444444445,1.0,0.0,0.5,0.0,0.0,1.0,0.0,1.0,0.0,0.0,1.0,1.0,0.6626865671641792,0.5431852986217458,1.0,0.04601990049751244,False,False,True,False,False,False,True,False,1,1
0.0,1.0,1.0,1.0,0.40277777777777773,0.0,0.5,0.0,0.0,1.0,1.0,0.0,0.0,0.0,0.0,1.0,1.0,0.17313432835820894,0.008422664624808576,0.0,0.06973466003316749,True,False,False,False,True,False,False,False,0,0
0.0,0.0,1.0,1.0,0.013888888888888888,1.0,0.0,1.0,0.5,0.5,0.5,0.5,0.5,0.5,0.0,1.0,0.3333333333333333,0.018905472636815888,0.24640122511485452,1.0,0.0002625760088446651,True,False,False,False,True,False,False,False,1,1
0.0,0.0,0.0,0.0,0.013888888888888888,1.0,0.0,1.0,0.5,0.5,0.5,0.5,0.5,0.5,0.0,1.0,1.0,0.018905472636815888,0.24640122511485452,1.0,0.0002625760088446651,True,False,False,False,True,False,False,False,1,1
0.0,0.0,1.0,1.0,0.5833333333333333,1.0,1.0,0.5,1.0,1.0,0.0,0.0,1.0,0.0,0.5,1.0,0.3333333333333333,0.7582089552238809,0.5143950995405819,0.0,0.44228855721393046,False,False,True,False,False,False,True,False,0,0
1.0,0.0,0.0,0.0,0.013888888888888888,1.0,0.0,1.0,0.5,0.5,0.5,0.5,0.5,0.5,0.0,0.0,1.0,0.013930348258706458,0.22771822358346094,0.0,0.00019347705914870078,True,False,False,False,True,False,False,False,0,0
0.0,0.0,0.0,0.0,0.2222222222222222,1.0,1.0,0.5,0.0,0.0,1.0,0.0,0.0,1.0,0.0,1.0,0.6666666666666666,0.6985074626865673,0.11868300153139356,1.0,0.15522388059701495,True,False,False,False,True,False,False,False,1,1
1.0,0.0,0.0,0.0,0.15277777777777776,1.0,0.0,0.0,0.0,0.0,0.0,0.0,0.0,0.0,0.0,0.0,0.3333333333333333,0.26815920398009957,0.6387442572741194,0.0,0.04096876727473743,False,False,True,False,False,False,True,False,0,0
0.0,1.0,1.0,0.0,0.3611111111111111,1.0,1.0,0.5,0.0,1.0,1.0,0.0,0.0,1.0,0.0,1.0,0.6666666666666666,0.7522388059701494,0.30918836140888206,1.0,0.27164179104477615,False,True,False,False,False,True,False,False,1,1
1.0,0.0,0.0,1.0,0.75,1.0,0.0,0.0,0.0,1.0,1.0,1.0,0.0,0.0,0.5,1.0,0.6666666666666666,0.4253731343283583,0.4372128637059724,0.0,0.3190298507462688,False,True,False,False,False,True,False,False,0,0
1.0,0.0,1.0,0.0,0.41666666666666663,1.0,1.0,0.5,0.0,0.0,0.0,0.0,1.0,1.0,0.0,1.0,0.3333333333333333,0.7542288557213932,0.3785604900459418,1.0,0.3142620232172471,False,True,False,False,False,True,False,False,1,1
1.0,1.0,1.0,1.0,0.9166666666666666,1.0,1.0,0.0,1.0,1.0,1.0,1.0,1.0,0.0,1.0,0.0,0.3333333333333333,0.6084577114427863,0.6635528330781011,1.0,0.5577529021558874,False,False,True,False,False,False,True,False,1,1
0.0,0.0,1.0,1.0,1.0,1.0,0.0,0.5,1.0,1.0,1.0,1.0,1.0,1.0,1.0,1.0,0.0,0.8995024875621892,0.9009188361408882,0.0,0.8995024875621892,False,False,False,True,False,False,False,True,0,0
1.0,0.0,1.0,1.0,0.16666666666666666,1.0,1.0,1.0,0.5,0.5,0.5,0.5,0.5,0.5,1.0,1.0,0.0,0.05721393034825871,0.3584992343032159,0.0,0.009535655058043118,False,True,False,False,False,True,False,False,0,0
0.0,0.0,0.0,0.0,0.2638888888888889,1.0,0.0,0.5,1.0,0.0,1.0,1.0,1.0,1.0,0.0,1.0,0.6666666666666666,0.8791044776119404,0.2352220520673813,1.0,0.23198590381426207,True,False,False,False,True,False,False,False,1,1
1.0,0.0,1.0,0.0,0.125,1.0,0.0,0.0,1.0,1.0,0.0,1.0,1.0,0.0,0.0,1.0,1.0,0.5044776119402986,0.7451761102603369,0.0,0.06305970149253733,False,False,True,False,False,False,True,False,0,0
0.0,0.0,1.0,1.0,0.0,1.0,1.0,0.0,0.0,1.0,1.0,1.0,1.0,0.0,1.0,0.0,1.0,0.5482587064676617,0.0,0.0,0.0,True,False,False,False,True,False,False,False,0,0
1.0,0.0,0.0,0.0,0.9166666666666666,1.0,1.0,1.0,0.5,0.5,0.5,0.5,0.5,0.5,0.5,0.0,0.0,0.0716417910447761,0.18315467075038283,0.0,0.06567164179104475,True,False,False,False,True,False,False,False,0,0
1.0,1.0,1.0,1.0,0.1388888888888889,0.0,0.5,0.0,0.0,0.0,0.0,0.0,0.0,1.0,0.0,1.0,0.0,0.16218905472636816,0.4791730474732006,0.0,0.022526257600884468,False,True,False,False,False,True,False,False,0,0
0.0,0.0,1.0,1.0,0.7777777777777777,1.0,1.0,1.0,0.5,0.5,0.5,0.5,0.5,0.5,1.0,1.0,1.0,0.06169154228855721,0.10643185298621745,0.0,0.04798231066887782,True,False,False,False,True,False,False,False,0,0
0.0,0.0,1.0,1.0,0.9305555555555555,1.0,0.0,1.0,0.5,0.5,0.5,0.5,0.5,0.5,1.0,1.0,0.0,0.00995024875621889,0.10275650842266462,0.0,0.009259259259259243,True,False,False,False,True,False,False,False,0,0
1.0,0.0,1.0,1.0,0.8888888888888888,0.0,0.5,0.0,1.0,0.0,1.0,1.0,1.0,1.0,1.0,1.0,0.0,0.4159203980099503,0.5036753445635528,0.0,0.3697070204532891,False,False,True,False,False,False,True,False,0,0
0.0,0.0,1.0,0.0,0.8888888888888888,1.0,1.0,0.0,1.0,1.0,1.0,1.0,0.0,1.0,1.0,1.0,1.0,0.627363184079602,0.6612557427258805,0.0,0.5576561636263129,False,False,True,False,False,False,True,False,0,0
1.0,1.0,1.0,0.0,0.18055555555555555,1.0,0.0,0.5,0.0,0.0,0.0,0.0,0.0,0.0,0.0,0.0,0.0,0.519402985074627,0.9499234303215927,0.0,0.0937810945273632,False,False,False,True,False,False,False,True,0,0
1.0,0.0,0.0,0.0,0.06944444444444445,1.0,0.0,0.5,0.0,0.0,0.0,1.0,1.0,1.0,0.0,1.0,0.6666666666666666,0.774626865671642,0.5905053598774885,1.0,0.05379353233830847,False,False,True,False,False,False,True,False,1,1
0.0,0.0,0.0,0.0,0.05555555555555555,0.0,0.5,0.0,1.0,0.0,1.0,0.0,0.0,0.0,0.0,0.0,1.0,0.16666666666666666,0.09800918836140887,0.0,0.009259259259259259,True,False,False,False,True,False,False,False,0,0
0.0,0.0,1.0,1.0,0.625,1.0,0.0,1.0,0.5,0.5,0.5,0.5,0.5,0.5,1.0,1.0,0.0,0.017412935323383064,0.9629402756508423,0.0,0.010883084577114415,False,False,False,True,False,False,False,True,0,0
1.0,0.0,1.0,0.0,0.25,1.0,1.0,0.5,0.0,0.0,0.0,0.0,1.0,1.0,0.0,1.0,0.6666666666666666,0.7611940298507465,0.18238897396630935,0.0,0.19029850746268662,True,False,False,False,True,False,False,False,0,0
0.0,0.0,0.0,0.0,0.041666666666666664,1.0,0.0,0.0,0.0,0.0,1.0,0.0,1.0,0.0,0.0,0.0,0.6666666666666666,0.391044776119403,0.16339969372128638,0.0,0.016293532338308457,True,False,False,False,True,False,False,False,0,0
1.0,0.0,0.0,0.0,0.013888888888888888,1.0,0.0,1.0,0.5,0.5,0.5,0.5,0.5,0.5,0.0,0.0,1.0,0.02338308457711444,0.24777947932618682,1.0,0.0003247650635710339,False,True,False,False,False,True,False,False,1,1
1.0,0.0,1.0,0.0,0.40277777777777773,0.0,0.5,0.0,0.0,0.0,0.0,0.0,1.0,1.0,0.0,1.0,0.6666666666666666,0.2751243781094528,0.09203675344563553,0.0,0.11081398562741847,True,False,False,False,True,False,False,False,0,0
0.0,0.0,0.0,0.0,0.9583333333333333,1.0,1.0,1.0,0.5,0.5,0.5,0.5,0.5,0.5,1.0,0.0,0.3333333333333333,0.06318407960199006,0.1782542113323124,0.0,0.060551409618573804,True,False,False,False,True,False,False,False,0,0
0.0,0.0,0.0,0.0,0.29166666666666663,1.0,1.0,0.5,0.0,1.0,0.0,0.0,1.0,1.0,0.0,1.0,0.3333333333333333,0.8119402985074629,0.2448698315467075,0.0,0.23681592039800997,True,False,False,False,True,False,False,False,0,0
0.0,0.0,0.0,0.0,0.2777777777777778,1.0,0.0,0.0,0.0,0.0,0.0,0.0,0.0,0.0,0.0,1.0,0.6666666666666666,0.2597014925373135,0.9774885145482388,0.0,0.07213930348258708,False,False,False,True,False,False,False,True,0,0
1.0,0.0,1.0,1.0,1.0,1.0,1.0,0.5,1.0,1.0,1.0,0.0,1.0,1.0,1.0,1.0,0.0,0.9159203980099505,0.9186830015313936,0.0,0.9159203980099505,False,False,False,True,False,False,False,True,0,0
1.0,0.0,0.0,0.0,0.09722222222222221,0.0,0.5,0.0,0.0,0.0,0.0,0.0,0.0,0.0,0.5,1.0,0.3333333333333333,0.060696517412935344,0.13874425727411943,0.0,0.00590105030403538,True,False,False,False,True,False,False,False,0,0
1.0,0.0,0.0,0.0,0.06944444444444445,1.0,0.0,1.0,0.5,0.5,0.5,0.5,0.5,0.5,0.0,0.0,0.3333333333333333,0.017910447761194024,0.9868300153139357,0.0,0.0012437810945273627,False,False,False,True,False,False,False,True,0,0
0.0,0.0,1.0,0.0,0.08333333333333333,1.0,1.0,0.0,0.0,0.0,0.0,0.0,0.0,0.0,0.0,0.0,0.6666666666666666,0.3194029850746269,0.41791730474732003,0.0,0.02661691542288557,False,True,False,False,False,True,False,False,0,0
1.0,0.0,0.0,1.0,0.18055555555555555,1.0,0.0,0.0,0.0,0.0,0.0,0.0,1.0,1.0,0.0,0.0,0.3333333333333333,0.4791044776119404,0.9404287901990811,0.0,0.08650497512437813,False,False,False,True,False,False,False,True,0,0
0.0,0.0,1.0,1.0,0.013888888888888888,1.0,0.0,1.0,0.5,0.5,0.5,0.5,0.5,0.5,0.0,0.0,1.0,0.017910447761194024,0.24609494640122512,0.0,0.00024875621890547257,True,False,False,False,True,False,False,False,0,0
0.0,0.0,0.0,0.0,0.041666666666666664,1.0,0.0,0.5,1.0,1.0,0.0,0.0,0.0,0.0,0.0,1.0,0.6666666666666666,0.6054726368159205,0.3229709035222052,1.0,0.025228026533996684,False,True,False,False,False,True,False,False,1,1
1.0,0.0,0.0,0.0,0.09722222222222221,1.0,1.0,0.5,0.0,0.0,0.0,0.0,1.0,1.0,0.0,0.0,0.6666666666666666,0.7756218905472639,0.7891271056661562,0.0,0.07540768380320621,False,False,False,True,False,False,False,True,0,0
1.0,0.0,0.0,0.0,0.08333333333333333,1.0,0.0,0.5,0.0,1.0,0.0,0.0,1.0,0.0,0.0,1.0,0.6666666666666666,0.6626865671641792,0.6712098009188361,1.0,0.05522388059701493,False,False,True,False,False,False,True,False,1,1
1.0,0.0,0.0,0.0,0.013888888888888888,1.0,0.0,1.0,0.5,0.5,0.5,0.5,0.5,0.5,0.0,0.0,1.0,0.017412935323383064,0.2459418070444104,1.0,0.0002418463239358759,True,False,False,False,True,False,False,False,1,1
0.0,0.0,0.0,0.0,0.15277777777777776,1.0,0.0,1.0,0.5,0.5,0.5,0.5,0.5,0.5,0.5,0.0,0.3333333333333333,0.017910447761194024,0.30781010719754975,0.0,0.002736318407960198,False,True,False,False,False,True,False,False,0,0
0.0,0.0,0.0,0.0,0.875,1.0,1.0,0.5,0.0,1.0,0.0,0.0,1.0,1.0,0.5,0.0,0.0,0.8124378109452739,0.7669218989280244,1.0,0.7108830845771147,False,False,False,True,False,False,False,True,1,1
0.0,1.0,0.0,0.0,0.041666666666666664,1.0,0.0,0.5,0.0,0.0,1.0,0.0,0.0,0.0,0.0,0.0,1.0,0.5651741293532339,0.25313935681470134,0.0,0.023548922056384744,False,True,False,False,False,True,False,False,0,0
1.0,0.0,0.0,0.0,0.08333333333333333,1.0,0.0,1.0,0.5,0.5,0.5,0.5,0.5,0.5,0.5,0.0,1.0,0.008955223880596998,0.0670750382848392,0.0,0.0007462686567164165,True,False,False,False,True,False,False,False,0,0
0.0,0.0,1.0,1.0,0.9722222222222222,1.0,1.0,0.0,1.0,1.0,0.0,0.0,1.0,0.0,1.0,1.0,0.3333333333333333,0.5069651741293534,0.6306278713629403,0.0,0.4928828081813158,False,False,True,False,False,False,True,False,0,0
1.0,0.0,1.0,0.0,0.5138888888888888,1.0,0.0,0.5,0.0,0.0,1.0,1.0,0.0,1.0,0.0,1.0,0.6666666666666666,0.7174129353233831,0.4535987748851455,0.0,0.3686705362078496,False,True,False,False,False,True,False,False,0,0
0.0,1.0,0.0,0.0,0.5277777777777778,1.0,0.0,1.0,0.5,0.5,0.5,0.5,0.5,0.5,1.0,0.0,1.0,0.019402985074626847,0.872281776416539,0.0,0.010240464344941948,False,False,False,True,False,False,False,True,0,0
0.0,1.0,0.0,0.0,0.40277777777777773,1.0,1.0,0.0,1.0,1.0,0.0,0.0,0.0,0.0,0.0,1.0,0.0,0.400995024875622,0.18744257274119447,0.0,0.16151188501934774,True,False,False,False,True,False,False,False,0,0
1.0,0.0,0.0,0.0,0.125,1.0,0.0,1.0,0.5,0.5,0.5,0.5,0.5,0.5,0.5,1.0,0.6666666666666666,0.016417910447761173,0.17059724349157734,0.0,0.0020522388059701466,True,False,False,False,True,False,False,False,0,0
1.0,1.0,1.0,0.0,0.3194444444444444,1.0,0.0,1.0,0.5,0.5,0.5,0.5,0.5,0.5,0.5,1.0,0.6666666666666666,0.02487562189054727,0.6263399693721287,0.0,0.007946379215035932,False,False,True,False,False,False,True,False,0,0
0.0,1.0,1.0,0.0,0.2777777777777778,1.0,1.0,0.5,0.0,0.0,1.0,0.0,1.0,0.0,0.0,0.0,0.6666666666666666,0.7218905472636816,0.23797856049004593,1.0,0.20052515201768936,True,False,False,False,True,False,False,False,1,1
0.0,0.0,1.0,1.0,0.9722222222222222,1.0,1.0,1.0,0.5,0.5,0.5,0.5,0.5,0.5,1.0,0.0,1.0,0.05771144278606967,0.19754977029096477,0.0,0.05610834715312329,True,False,False,False,True,False,False,False,0,0
1.0,0.0,1.0,0.0,0.9722222222222222,1.0,0.0,0.5,1.0,1.0,1.0,1.0,0.0,1.0,1.0,0.0,0.3333333333333333,0.8233830845771147,0.8516079632465543,0.0,0.8005113322277504,False,False,False,True,False,False,False,True,0,0
0.0,1.0,0.0,0.0,0.06944444444444445,1.0,0.0,0.5,0.0,1.0,0.0,0.0,1.0,0.0,0.0,1.0,0.6666666666666666,0.6611940298507464,0.5137825421133231,0.0,0.045916252072968504,False,False,True,False,False,False,True,False,0,0
1.0,0.0,1.0,1.0,1.0,1.0,1.0,0.0,1.0,1.0,1.0,1.0,1.0,0.0,1.0,1.0,0.0,0.6228855721393035,0.7237366003062787,0.0,0.6228855721393035,False,False,True,False,False,False,True,False,0,0
0.0,0.0,1.0,1.0,1.0,0.0,0.5,0.0,1.0,1.0,1.0,1.0,0.0,1.0,1.0,0.0,0.3333333333333333,0.3721393034825871,0.5084226646248086,0.0,0.3721393034825871,False,False,True,False,False,False,True,False,0,0
1.0,0.0,0.0,0.0,0.05555555555555555,1.0,0.0,0.5,1.0,1.0,0.0,1.0,0.0,1.0,0.0,1.0,1.0,0.7626865671641794,0.4774885145482389,0.0,0.04237147595356552,False,True,False,False,False,True,False,False,0,0
0.0,0.0,0.0,0.0,0.09722222222222221,1.0,0.0,1.0,0.5,0.5,0.5,0.5,0.5,0.5,0.0,0.0,1.0,0.017910447761194024,0.17075038284839203,1.0,0.0017412935323383076,True,False,False,False,True,False,False,False,1,1
0.0,0.0,1.0,1.0,0.3194444444444444,1.0,1.0,0.5,1.0,0.0,0.0,0.0,0.0,0.0,0.5,0.0,0.3333333333333333,0.6328358208955224,0.20888208269525269,0.0,0.2021558872305141,True,False,False,False,True,False,False,False,0,0
0.0,0.0,0.0,0.0,0.15277777777777776,1.0,0.0,0.0,0.0,0.0,0.0,0.0,1.0,1.0,0.0,1.0,0.6666666666666666,0.4641791044776121,0.858499234303216,0.0,0.0709162520729685,False,False,False,True,False,False,False,True,0,0
1.0,0.0,1.0,1.0,0.3194444444444444,1.0,0.0,1.0,0.5,0.5,0.5,0.5,0.5,0.5,0.5,1.0,0.3333333333333333,0.017412935323383064,0.5782542113323124,0.0,0.005562465450525145,False,False,True,False,False,False,True,False,0,0
0.0,0.0,0.0,0.0,0.16666666666666666,1.0,0.0,0.0,0.0,1.0,0.0,1.0,0.0,0.0,0.0,1.0,0.6666666666666666,0.3587064676616915,0.8007656967840735,0.0,0.059784411276948585,False,False,False,True,False,False,False,True,0,0
1.0,0.0,1.0,1.0,0.6805555555555555,1.0,1.0,0.5,0.0,1.0,1.0,0.0,1.0,0.0,0.5,1.0,0.6666666666666666,0.7502487562189057,0.5894333843797855,0.0,0.5105859590934219,False,False,True,False,False,False,True,False,0,0
1.0,0.0,1.0,0.0,0.19444444444444442,1.0,1.0,0.5,0.0,0.0,0.0,0.0,0.0,1.0,0.0,1.0,0.6666666666666666,0.6656716417910449,0.041041347626339965,1.0,0.12943615257048094,True,False,False,False,True,False,False,False,1,1
1.0,0.0,1.0,1.0,0.7777777777777777,0.0,0.5,0.0,0.0,1.0,1.0,0.0,0.0,0.0,0.5,1.0,0.3333333333333333,0.1776119402985075,0.24134762633996937,0.0,0.13814262023217247,True,False,False,False,True,False,False,False,0,0
0.0,0.0,1.0,0.0,0.041666666666666664,1.0,0.0,1.0,0.5,0.5,0.5,0.5,0.5,0.5,0.0,1.0,1.0,0.016417910447761173,0.5854517611026033,0.0,0.0006840796019900488,False,False,True,False,False,False,True,False,0,0
0.0,0.0,0.0,0.0,0.9583333333333333,1.0,1.0,0.5,0.0,1.0,1.0,1.0,1.0,1.0,1.0,1.0,0.0,0.9179104477611942,0.8803981623277182,0.0,0.8796641791044777,False,False,False,True,False,False,False,True,0,0
1.0,1.0,1.0,0.0,0.08333333333333333,1.0,1.0,0.5,0.0,0.0,1.0,0.0,0.0,0.0,0.0,1.0,0.6666666666666666,0.6223880597014926,0.5955589586523736,0.0,0.051865671641791046,False,False,True,False,False,False,True,False,0,0
0.0,0.0,1.0,0.0,0.6805555555555555,1.0,0.0,1.0,0.5,0.5,0.5,0.5,0.5,0.5,0.5,0.0,0.3333333333333333,0.02437810945273631,0.010566615620214395,0.0,0.016590657822001097,True,False,False,False,True,False,False,False,0,0
1.0,0.0,1.0,0.0,0.25,1.0,1.0,0.5,0.0,0.0,0.0,0.0,1.0,1.0,0.0,1.0,0.6666666666666666,0.7606965174129355,0.18116385911179173,1.0,0.19017412935323388,True,False,False,False,True,False,False,False,1,1
1.0,1.0,0.0,0.0,0.013888888888888888,1.0,0.0,0.5,0.0,0.0,0.0,0.0,0.0,0.0,0.0,1.0,0.0,0.509950248756219,0.8339969372128637,1.0,0.007082642343836374,False,False,False,True,False,False,False,True,1,1
0.0,0.0,0.0,0.0,0.041666666666666664,0.0,0.5,0.0,0.0,0.0,0.0,0.0,1.0,0.0,0.0,0.0,0.3333333333333333,0.1686567164179105,0.024502297090352218,1.0,0.007027363184079604,True,False,False,False,True,False,False,False,1,1
1.0,0.0,0.0,0.0,0.027777777777777776,1.0,0.0,0.5,0.0,0.0,1.0,0.0,0.0,1.0,0.0,1.0,0.6666666666666666,0.672636815920398,0.17672281776416537,1.0,0.018684355997788834,True,False,False,False,True,False,False,False,1,1
1.0,0.0,0.0,0.0,0.75,1.0,0.0,1.0,0.5,0.5,0.5,0.5,0.5,0.5,1.0,0.0,0.3333333333333333,0.013930348258706458,0.0027565084226646246,0.0,0.010447761194029844,True,False,False,False,True,False,False,False,0,0
1.0,0.0,0.0,0.0,0.3333333333333333,1.0,0.0,0.0,0.0,0.0,0.0,1.0,0.0,0.0,0.0,1.0,0.3333333333333333,0.3268656716417911,0.07580398162327719,0.0,0.10895522388059703,True,False,False,False,True,False,False,False,0,0
0.0,0.0,1.0,1.0,0.75,1.0,1.0,0.0,1.0,0.0,0.0,1.0,0.0,0.0,1.0,0.0,0.0,0.41542288557213936,0.43629402756508423,0.0,0.3115671641791045,False,True,False,False,False,True,False,False,0,0
1.0,0.0,0.0,0.0,0.20833333333333331,1.0,0.0,1.0,0.5,0.5,0.5,0.5,0.5,0.5,0.0,0.0,1.0,0.01492537313432835,0.4142419601837672,0.0,0.003109452736318406,False,True,False,False,False,True,False,False,0,0
0.0,0.0,0.0,0.0,0.625,1.0,0.0,0.0,1.0,0.0,1.0,1.0,1.0,1.0,1.0,0.0,0.0,0.6308457711442788,0.4788667687595712,0.0,0.39427860696517425,False,True,False,False,False,True,False,False,0,0
1.0,0.0,0.0,0.0,0.6388888888888888,0.0,0.5,0.0,1.0,0.0,1.0,1.0,0.0,0.0,1.0,0.0,1.0,0.19900497512437815,0.19555895865237366,0.0,0.1271420674405749,True,False,False,False,True,False,False,False,0,0
0.0,0.0,1.0,0.0,0.16666666666666666,1.0,0.0,0.0,1.0,0.0,0.0,1.0,0.0,0.0,0.0,0.0,0.0,0.35771144278606976,0.8356814701378253,0.0,0.05961857379767829,False,False,False,True,False,False,False,True,0,0
0.0,0.0,1.0,1.0,0.986111111111111,1.0,0.0,0.5,0.0,0.0,1.0,0.0,0.0,0.0,1.0,0.0,0.6666666666666666,0.5751243781094528,0.6917304747320061,0.0,0.5671365395245993,False,False,True,False,False,False,True,False,0,0
0.0,0.0,0.0,0.0,0.18055555555555555,0.0,0.5,0.0,0.0,1.0,0.0,0.0,0.0,0.0,0.0,1.0,0.6666666666666666,0.13333333333333333,0.5104134762633997,0.0,0.024074074074074074,False,False,True,False,False,False,True,False,0,0
0.0,1.0,0.0,0.0,0.013888888888888888,1.0,0.0,0.5,0.0,1.0,0.0,0.0,0.0,0.0,0.0,1.0,0.6666666666666666,0.5447761194029852,0.8670750382848392,1.0,0.007566334991708127,False,False,False,True,False,False,False,True,1,1
0.0,0.0,1.0,1.0,0.8055555555555555,1.0,0.0,0.5,0.0,1.0,1.0,0.0,1.0,0.0,0.0,1.0,0.6666666666666666,0.7293532338308458,0.7012251148545176,0.0,0.587534549474848,False,False,True,False,False,False,True,False,0,0
0.0,0.0,0.0,0.0,0.09722222222222221,1.0,1.0,0.5,0.0,0.0,0.0,0.0,0.0,0.0,0.0,1.0,0.0,0.5656716417910448,0.7024502297090351,1.0,0.05499585406301823,False,False,True,False,False,False,True,False,1,1
1.0,0.0,1.0,1.0,0.6666666666666666,1.0,1.0,1.0,0.5,0.5,0.5,0.5,0.5,0.5,1.0,0.0,1.0,0.05273631840796021,0.04946401225114854,0.0,0.0351575456053068,True,False,False,False,True,False,False,False,0,0
1.0,0.0,0.0,0.0,0.986111111111111,1.0,1.0,0.5,1.0,0.0,0.0,1.0,0.0,1.0,0.5,0.0,0.3333333333333333,0.7900497512437813,0.8124042879019908,0.0,0.7790768380320621,False,False,False,True,False,False,False,True,0,0
1.0,0.0,0.0,1.0,0.125,1.0,0.0,1.0,0.5,0.5,0.5,0.5,0.5,0.5,0.0,0.0,1.0,0.02139303482587063,0.2136294027565084,0.0,0.002674129353233829,True,False,False,False,True,False,False,False,0,0
0.0,0.0,1.0,1.0,0.25,1.0,0.0,0.0,0.0,0.0,0.0,0.0,1.0,0.0,0.0,0.0,1.0,0.37512437810945287,0.025267993874425725,0.0,0.09378109452736322,True,False,False,False,True,False,False,False,0,0
1.0,0.0,0.0,0.0,0.013888888888888888,1.0,0.0,1.0,0.5,0.5,0.5,0.5,0.5,0.5,0.0,0.0,1.0,0.019402985074626847,0.2465543644716692,0.0,0.00026948590381426174,False,True,False,False,False,True,False,False,0,0
0.0,1.0,1.0,0.0,0.9305555555555555,1.0,0.0,1.0,0.5,0.5,0.5,0.5,0.5,0.5,1.0,1.0,0.0,0.017910447761194024,0.07350689127105665,0.0,0.01666666666666666,True,False,False,False,True,False,False,False,0,0
1.0,0.0,0.0,0.0,0.013888888888888888,1.0,0.0,0.5,0.0,1.0,0.0,0.0,0.0,1.0,0.0,1.0,0.6666666666666666,0.6641791044776121,0.9503828483920367,0.0,0.009224709784411278,False,False,False,True,False,False,False,True,0,0
0.0,0.0,1.0,0.0,0.7777777777777777,1.0,1.0,0.5,1.0,0.0,0.0,0.0,1.0,1.0,0.5,1.0,0.6666666666666666,0.7935323383084579,0.6756508422664624,0.0,0.6171918186843561,False,False,True,False,False,False,True,False,0,0
1.0,0.0,0.0,0.0,0.75,0.0,0.5,0.0,1.0,1.0,0.0,0.0,0.0,1.0,1.0,0.0,0.0,0.2781094527363185,0.31852986217457885,0.0,0.20858208955223886,False,True,False,False,False,True,False,False,0,0
0.0,0.0,1.0,1.0,0.19444444444444442,1.0,0.0,1.0,0.5,0.5,0.5,0.5,0.5,0.5,1.0,1.0,1.0,0.01442786069651739,0.34900459418070445,0.0,0.0028054173576561587,False,True,False,False,False,True,False,False,0,0
0.0,1.0,0.0,0.0,0.19444444444444442,0.0,0.5,0.0,0.0,0.0,0.0,0.0,1.0,1.0,0.0,1.0,0.6666666666666666,0.2796019900497513,0.816385911179173,0.0,0.054367053620784964,False,False,False,True,False,False,False,True,0,0
1.0,0.0,0.0,0.0,0.75,1.0,0.0,0.0,1.0,1.0,0.0,1.0,1.0,0.0,0.0,1.0,1.0,0.5139303482587066,0.508728943338438,0.0,0.38544776119403,False,False,True,False,False,False,True,False,0,0
1.0,0.0,1.0,0.0,1.0,1.0,1.0,0.0,1.0,1.0,1.0,1.0,0.0,0.0,1.0,0.0,1.0,0.4965174129353235,0.6223583460949463,0.0,0.4965174129353235,False,False,True,False,False,False,True,False,0,0
1.0,0.0,0.0,0.0,0.2361111111111111,1.0,0.0,0.0,1.0,1.0,0.0,0.0,0.0,0.0,0.5,0.0,1.0,0.37661691542288567,0.9851454823889739,0.0,0.0889234383637369,False,False,False,True,False,False,False,True,0,0
0.0,0.0,1.0,1.0,0.013888888888888888,1.0,0.0,1.0,0.5,0.5,0.5,0.5,0.5,0.5,0.0,0.0,0.6666666666666666,0.017412935323383064,0.2459418070444104,0.0,0.0002418463239358759,True,False,False,False,True,False,False,False,0,0
0.0,0.0,1.0,0.0,0.41666666666666663,1.0,1.0,0.5,0.0,0.0,0.0,0.0,0.0,1.0,0.0,1.0,0.6666666666666666,0.6641791044776121,0.3477794793261868,1.0,0.27674129353233834,False,True,False,False,False,True,False,False,1,1
0.0,0.0,0.0,1.0,0.6944444444444444,1.0,0.0,1.0,0.5,0.5,0.5,0.5,0.5,0.5,1.0,0.0,0.3333333333333333,0.018905472636815888,0.9934150076569678,0.0,0.013128800442233255,False,False,False,True,False,False,False,True,0,0
1.0,0.0,0.0,1.0,0.041666666666666664,1.0,0.0,1.0,0.5,0.5,0.5,0.5,0.5,0.5,0.0,0.0,1.0,0.016915422885572132,0.732312404287902,0.0,0.0007048092868988388,False,False,True,False,False,False,True,False,0,0
1.0,0.0,1.0,0.0,0.16666666666666666,1.0,0.0,0.0,0.0,0.0,1.0,1.0,1.0,1.0,0.0,1.0,0.6666666666666666,0.556218905472637,0.8777947932618683,0.0,0.09270315091210615,False,False,False,True,False,False,False,True,0,0
0.0,0.0,0.0,0.0,0.18055555555555555,1.0,0.0,0.5,0.0,1.0,1.0,0.0,0.0,0.0,0.0,1.0,0.6666666666666666,0.6258706467661693,0.9879019908116385,1.0,0.11300442233278057,False,False,False,True,False,False,False,True,1,1
0.0,1.0,1.0,0.0,0.3472222222222222,1.0,0.0,0.5,0.0,0.0,0.0,0.0,0.0,0.0,0.0,1.0,0.6666666666666666,0.5079601990049751,0.20903522205206737,0.0,0.1763750690989497,True,False,False,False,True,False,False,False,0,0
0.0,0.0,0.0,0.0,0.027777777777777776,1.0,0.0,0.5,0.0,0.0,0.0,0.0,1.0,1.0,0.0,1.0,0.6666666666666666,0.7179104477611942,0.1790199081163859,1.0,0.019941956882255394,True,False,False,False,True,False,False,False,1,1
0.0,0.0,0.0,0.0,0.5,1.0,1.0,0.0,0.0,1.0,0.0,1.0,0.0,1.0,0.5,1.0,1.0,0.5218905472636817,0.33277182235834607,0.0,0.26094527363184084,False,True,False,False,False,True,False,False,0,0
1.0,0.0,0.0,0.0,0.041666666666666664,1.0,0.0,0.0,0.0,0.0,0.0,1.0,0.0,0.0,0.0,1.0,1.0,0.318407960199005,0.14349157733537518,0.0,0.01326699834162521,True,False,False,False,True,False,False,False,0,0
1.0,0.0,1.0,0.0,0.9166666666666666,1.0,1.0,0.0,0.0,0.0,0.0,1.0,0.0,1.0,0.0,0.0,0.6666666666666666,0.4537313432835822,0.5566615620214395,0.0,0.41592039800995034,False,False,True,False,False,False,True,False,0,0
1.0,0.0,1.0,0.0,0.20833333333333331,1.0,1.0,0.5,0.0,0.0,1.0,0.0,1.0,1.0,0.0,1.0,0.6666666666666666,0.8243781094527364,0.13981623277182234,1.0,0.17174543946932005,True,False,False,False,True,False,False,False,1,1
0.0,0.0,1.0,1.0,0.8472222222222222,1.0,0.0,0.0,0.0,0.0,1.0,1.0,1.0,1.0,1.0,1.0,0.0,0.5527363184079602,0.6001531393568147,0.0,0.46829049198452183,False,False,True,False,False,False,True,False,0,0
1.0,0.0,0.0,0.0,0.9722222222222222,1.0,1.0,0.5,1.0,1.0,1.0,1.0,1.0,1.0,1.0,1.0,0.0,0.9621890547263684,0.8995405819295559,0.0,0.9354615809839693,False,False,False,True,False,False,False,True,0,0
0.0,1.0,0.0,0.0,0.4861111111111111,0.0,0.5,0.0,0.0,0.0,1.0,0.0,1.0,0.0,0.0,1.0,0.6666666666666666,0.2149253731343284,0.1231240428790199,0.0,0.10447761194029853,True,False,False,False,True,False,False,False,0,0
0.0,0.0,0.0,0.0,0.013888888888888888,1.0,0.0,0.0,1.0,0.0,0.0,0.0,0.0,0.0,0.0,1.0,0.3333333333333333,0.3019900497512438,0.62052067381317,1.0,0.004194306246545053,False,False,True,False,False,False,True,False,1,1
0.0,0.0,1.0,1.0,0.6666666666666666,1.0,0.0,1.0,0.5,0.5,0.5,0.5,0.5,0.5,1.0,0.0,0.0,0.02388059701492535,0.016539050535987747,0.0,0.01592039800995023,True,False,False,False,True,False,False,False,0,0
1.0,0.0,0.0,0.0,0.9722222222222222,0.0,0.5,0.0,0.0,0.0,0.0,1.0,0.0,1.0,1.0,1.0,1.0,0.21691542288557214,0.3713629402756508,0.0,0.21088999447208404,False,True,False,False,False,True,False,False,0,0
0.0,0.0,0.0,1.0,0.16666666666666666,1.0,1.0,0.5,0.0,1.0,1.0,0.0,1.0,1.0,0.0,1.0,0.6666666666666666,0.866169154228856,0.0774885145482389,0.0,0.1443615257048093,True,False,False,False,True,False,False,False,0,0
1.0,0.0,1.0,0.0,0.8472222222222222,1.0,1.0,0.5,0.0,1.0,1.0,1.0,1.0,1.0,0.0,1.0,0.6666666666666666,0.9537313432835822,0.8566615620214395,0.0,0.8080223880597016,False,False,False,True,False,False,False,True,0,0
0.0,0.0,0.0,0.0,0.5277777777777778,1.0,0.0,0.5,0.0,1.0,1.0,1.0,0.0,0.0,0.0,1.0,0.3333333333333333,0.6567164179104479,0.4350689127105666,1.0,0.34660033167495863,False,True,False,False,False,True,False,False,1,1
1.0,0.0,0.0,0.0,0.013888888888888888,1.0,0.0,0.5,0.0,0.0,0.0,0.0,0.0,0.0,0.0,1.0,1.0,0.5283582089552239,0.8528330781010719,1.0,0.0073383084577114425,False,False,False,True,False,False,False,True,1,1
0.0,0.0,1.0,1.0,0.7777777777777777,1.0,1.0,0.0,1.0,0.0,0.0,0.0,1.0,0.0,0.5,0.0,0.0,0.4671641791044777,0.4664624808575804,0.0,0.3633499170812604,False,True,False,False,False,True,False,False,0,0
0.0,0.0,0.0,0.0,0.06944444444444445,1.0,0.0,0.5,0.0,0.0,0.0,1.0,0.0,1.0,0.0,1.0,0.3333333333333333,0.6681592039800996,0.5548238897396631,1.0,0.046399944720840254,False,False,True,False,False,False,True,False,1,1
1.0,0.0,1.0,0.0,0.15277777777777776,1.0,0.0,0.0,0.0,0.0,0.0,0.0,0.0,0.0,0.0,1.0,0.0,0.2751243781094528,0.6687595712098009,0.0,0.04203289110005528,False,False,True,False,False,False,True,False,0,0
0.0,0.0,1.0,1.0,0.8194444444444444,1.0,1.0,0.5,0.0,1.0,1.0,0.0,1.0,1.0,0.5,1.0,0.6666666666666666,0.8746268656716419,0.7767228177641654,0.0,0.7167081260364844,False,False,False,True,False,False,False,True,0,0
0.0,0.0,0.0,0.0,0.013888888888888888,1.0,0.0,0.0,0.0,0.0,0.0,0.0,0.0,0.0,0.0,1.0,1.0,0.2701492537313433,0.5846860643185299,0.0,0.003752072968490879,False,False,True,False,False,False,True,False,0,0
1.0,1.0,1.0,0.0,1.0,1.0,1.0,0.5,0.0,1.0,1.0,0.0,1.0,1.0,1.0,1.0,0.0,0.8547263681592042,0.8977029096477794,1.0,0.8547263681592042,False,False,False,True,False,False,False,True,1,1
1.0,0.0,1.0,1.0,0.3055555555555555,1.0,0.0,1.0,0.5,0.5,0.5,0.5,0.5,0.5,0.5,0.0,1.0,0.018905472636815888,0.548698315467075,0.0,0.005776672194582632,False,False,True,False,False,False,True,False,0,0
1.0,0.0,0.0,1.0,0.2361111111111111,1.0,0.0,0.0,0.0,0.0,0.0,0.0,0.0,0.0,0.5,0.0,1.0,0.2621890547263682,0.8246554364471669,0.0,0.06190574903261472,False,False,False,True,False,False,False,True,0,0
1.0,0.0,1.0,0.0,0.6944444444444444,0.0,0.5,0.0,1.0,0.0,0.0,1.0,1.0,0.0,0.5,1.0,0.0,0.26069651741293537,0.27626339969372127,0.0,0.18103924820342734,False,True,False,False,False,True,False,False,0,0
1.0,0.0,0.0,0.0,0.1111111111111111,1.0,0.0,0.0,0.0,1.0,0.0,1.0,1.0,0.0,0.0,1.0,0.6666666666666666,0.4815920398009952,0.6675344563552833,0.0,0.053510226644555015,False,False,True,False,False,False,True,False,0,0
1.0,0.0,1.0,1.0,0.7777777777777777,1.0,0.0,0.0,1.0,1.0,1.0,0.0,0.0,0.0,1.0,1.0,0.0,0.41343283582089563,0.45788667687595713,0.0,0.321558872305141,False,True,False,False,False,True,False,False,0,0
0.0,0.0,1.0,1.0,0.041666666666666664,1.0,0.0,0.5,0.0,0.0,0.0,0.0,0.0,1.0,0.0,1.0,0.6666666666666666,0.6174129353233831,0.33078101071975496,1.0,0.02572553897180763,False,True,False,False,False,True,False,False,1,1
1.0,0.0,1.0,1.0,0.5555555555555556,1.0,0.0,1.0,0.5,0.5,0.5,0.5,0.5,0.5,0.0,1.0,0.0,0.02139303482587063,0.8802450229709035,0.0,0.011885019347705906,False,False,False,True,False,False,False,True,0,0
1.0,1.0,0.0,0.0,0.9305555555555555,1.0,1.0,0.5,0.0,0.0,1.0,0.0,1.0,1.0,0.0,1.0,0.3333333333333333,0.8273631840796022,0.8272588055130168,0.0,0.7699074074074075,False,False,False,True,False,False,False,True,0,0
0.0,0.0,1.0,0.0,0.05555555555555555,1.0,1.0,0.5,0.0,1.0,0.0,0.0,1.0,0.0,0.0,1.0,0.6666666666666666,0.7303482587064678,0.48284839203675345,1.0,0.04057490326147043,False,True,False,False,False,True,False,False,1,1
0.0,0.0,1.0,0.0,0.9305555555555555,1.0,0.0,1.0,0.5,0.5,0.5,0.5,0.5,0.5,0.5,1.0,0.0,0.02587064676616916,0.09096477794793262,0.0,0.024074074074074078,True,False,False,False,True,False,False,False,0,0
0.0,0.0,1.0,1.0,0.05555555555555555,1.0,0.0,0.0,1.0,0.0,0.0,0.0,0.0,0.0,0.0,0.0,0.6666666666666666,0.31890547263681596,0.27335375191424194,0.0,0.01771697070204533,False,True,False,False,False,True,False,False,0,0
0.0,0.0,1.0,1.0,0.8472222222222222,1.0,1.0,1.0,0.5,0.5,0.5,0.5,0.5,0.5,1.0,1.0,1.0,0.0582089552238806,0.15160796324655437,0.0,0.04931592039800995,True,False,False,False,True,False,False,False,0,0
0.0,0.0,1.0,0.0,0.9583333333333333,1.0,1.0,1.0,0.5,0.5,0.5,0.5,0.5,0.5,0.5,1.0,0.6666666666666666,0.08009950248756222,0.19739663093415008,0.0,0.07676202321724712,True,False,False,False,True,False,False,False,0,0
0.0,0.0,1.0,0.0,0.6805555555555555,1.0,0.0,1.0,0.5,0.5,0.5,0.5,0.5,0.5,1.0,1.0,0.0,0.018905472636815888,0.9940275650842266,0.0,0.012866224433388588,False,False,False,True,False,False,False,True,0,0
1.0,0.0,1.0,0.0,0.6805555555555555,1.0,0.0,0.5,0.0,1.0,0.0,0.0,1.0,0.0,0.0,1.0,0.3333333333333333,0.6671641791044777,0.5592649310872894,0.0,0.4540422885572139,False,False,True,False,False,False,True,False,0,0
0.0,0.0,0.0,0.0,0.4861111111111111,1.0,1.0,0.5,1.0,1.0,1.0,1.0,1.0,1.0,1.0,1.0,1.0,0.9447761194029852,0.513323124042879,0.0,0.4592661691542289,False,False,True,False,False,False,True,False,0,0
1.0,0.0,1.0,1.0,0.9583333333333333,1.0,1.0,1.0,0.5,0.5,0.5,0.5,0.5,0.5,1.0,0.0,0.0,0.06169154228855721,0.18713629402756507,0.0,0.05912106135986732,True,False,False,False,True,False,False,False,0,0
0.0,0.0,1.0,0.0,0.8333333333333333,1.0,0.0,0.0,1.0,1.0,0.0,1.0,0.0,0.0,1.0,0.0,0.0,0.41393034825870656,0.46248085758039814,0.0,0.34494195688225543,False,True,False,False,False,True,False,False,0,0
0.0,0.0,1.0,1.0,0.013888888888888888,0.0,0.5,0.0,0.0,0.0,0.0,1.0,1.0,0.0,0.0,0.0,0.6666666666666666,0.21741293532338313,0.5226646248085758,1.0,0.0030196241017136543,False,False,True,False,False,False,True,False,1,1
0.0,0.0,0.0,1.0,0.2361111111111111,1.0,1.0,0.0,0.0,0.0,1.0,0.0,0.0,0.0,0.5,1.0,1.0,0.37412935323383095,0.9819295558958652,1.0,0.08833609729132119,False,False,False,True,False,False,False,True,1,1
0.0,0.0,0.0,0.0,0.013888888888888888,1.0,0.0,0.0,0.0,0.0,0.0,0.0,0.0,0.0,0.0,1.0,0.3333333333333333,0.26169154228855723,0.5732006125574273,0.0,0.003634604754007739,False,False,True,False,False,False,True,False,0,0
1.0,0.0,1.0,1.0,0.06944444444444445,1.0,0.0,1.0,0.5,0.5,0.5,0.5,0.5,0.5,0.5,0.0,0.6666666666666666,0.022885572139303482,0.9967840735068912,0.0,0.0015892758430071862,False,False,False,True,False,False,False,True,0,0
0.0,0.0,0.0,0.0,0.18055555555555555,1.0,0.0,1.0,0.5,0.5,0.5,0.5,0.5,0.5,1.0,1.0,1.0,0.02139303482587063,0.3459418070444104,0.0,0.0038626312880044194,False,True,False,False,False,True,False,False,0,0
1.0,0.0,0.0,0.0,0.05555555555555555,1.0,1.0,0.5,0.0,0.0,0.0,0.0,0.0,0.0,0.0,1.0,0.6666666666666666,0.5582089552238806,0.35145482388973964,1.0,0.03101160862354892,False,True,False,False,False,True,False,False,1,1
1.0,0.0,1.0,1.0,0.736111111111111,1.0,1.0,0.0,0.0,0.0,1.0,1.0,1.0,1.0,0.5,1.0,1.0,0.6019900497512438,0.515926493108729,0.0,0.4431315644002211,False,False,True,False,False,False,True,False,0,0
0.0,0.0,1.0,1.0,1.0,0.0,0.5,0.0,1.0,1.0,1.0,1.0,1.0,1.0,1.0,0.0,0.0,0.4597014925373135,0.5903522205206738,0.0,0.4597014925373135,False,False,True,False,False,False,True,False,0,0
1.0,0.0,0.0,0.0,0.3333333333333333,1.0,0.0,1.0,0.5,0.5,0.5,0.5,0.5,0.5,1.0,0.0,1.0,0.02487562189054727,0.629709035222052,0.0,0.008291873963515755,False,False,True,False,False,False,True,False,0,0
0.0,0.0,0.0,0.0,0.2638888888888889,1.0,1.0,1.0,0.5,0.5,0.5,0.5,0.5,0.5,0.0,0.0,0.0,0.06417910447761192,0.6029096477794793,0.0,0.016936152570480926,False,False,True,False,False,False,True,False,0,0
1.0,0.0,0.0,1.0,0.013888888888888888,1.0,0.0,1.0,0.5,0.5,0.5,0.5,0.5,0.5,0.0,0.0,1.0,0.01592039800995027,0.22833078101071974,0.0,0.00022111663902708704,True,False,False,False,True,False,False,False,0,0
0.0,0.0,0.0,0.0,0.06944444444444445,1.0,1.0,0.5,0.0,0.0,0.0,0.0,0.0,0.0,0.0,0.0,0.6666666666666666,0.5706467661691542,0.526646248085758,0.0,0.03962824765063571,False,False,True,False,False,False,True,False,0,0
1.0,1.0,1.0,1.0,0.986111111111111,1.0,0.0,0.5,1.0,1.0,1.0,0.0,0.0,0.0,0.5,1.0,0.0,0.6810945273631842,0.7710566615620215,0.0,0.6716348811498066,False,False,False,True,False,False,False,True,0,0
1.0,0.0,1.0,0.0,1.0,1.0,1.0,0.0,1.0,1.0,1.0,1.0,1.0,1.0,1.0,1.0,0.0,0.7044776119402986,0.7765696784073507,0.0,0.7044776119402986,False,False,False,True,False,False,False,True,0,0
0.0,0.0,0.0,0.0,0.5833333333333333,1.0,0.0,0.0,1.0,1.0,1.0,0.0,0.0,0.0,0.0,0.0,0.0,0.4119402985074627,0.3352220520673813,0.0,0.24029850746268655,False,True,False,False,False,True,False,False,0,0
1.0,0.0,0.0,0.0,0.19444444444444442,1.0,1.0,0.0,0.0,1.0,0.0,0.0,0.0,0.0,0.0,1.0,0.3333333333333333,0.3706467661691543,0.8964777947932618,0.0,0.0720702045328911,False,False,False,True,False,False,False,True,0,0
1.0,0.0,0.0,0.0,0.013888888888888888,1.0,0.0,0.0,1.0,0.0,0.0,0.0,0.0,0.0,0.0,0.0,1.0,0.3283582089552239,0.6588055130168453,0.0,0.004560530679933665,False,False,True,False,False,False,True,False,0,0
0.0,1.0,0.0,0.0,0.027777777777777776,1.0,0.0,0.5,0.0,0.0,0.0,0.0,0.0,0.0,0.0,1.0,0.6666666666666666,0.5213930348258708,0.11807044410413475,1.0,0.01448313985627419,True,False,False,False,True,False,False,False,1,1
0.0,1.0,1.0,1.0,1.0,1.0,1.0,0.0,1.0,1.0,1.0,1.0,1.0,1.0,1.0,0.0,0.3333333333333333,0.7383084577114429,0.7932618683001531,1.0,0.7383084577114429,False,False,False,True,False,False,False,True,1,1
0.0,0.0,1.0,1.0,0.18055555555555555,1.0,0.0,0.5,0.0,0.0,0.0,0.0,1.0,1.0,0.0,0.0,0.6666666666666666,0.6975124378109453,0.06309341500765697,1.0,0.1259397457158651,True,False,False,False,True,False,False,False,1,1
0.0,0.0,0.0,0.0,0.25,1.0,0.0,0.5,0.0,1.0,1.0,0.0,0.0,0.0,0.0,0.0,0.6666666666666666,0.5925373134328359,0.0992343032159265,0.0,0.14813432835820897,True,False,False,False,True,False,False,False,0,0
0.0,0.0,0.0,0.0,0.625,1.0,1.0,0.5,1.0,1.0,0.0,0.0,0.0,1.0,0.5,0.0,0.0,0.7810945273631843,0.5771822358346095,0.0,0.4881840796019902,False,False,True,False,False,False,True,False,0,0
0.0,1.0,0.0,0.0,0.7638888888888888,1.0,1.0,0.5,0.0,0.0,1.0,0.0,1.0,1.0,0.5,1.0,0.6666666666666666,0.8149253731343286,0.6886676875957121,0.0,0.6225124378109453,False,False,True,False,False,False,True,False,0,0
1.0,0.0,0.0,1.0,0.013888888888888888,1.0,1.0,0.0,0.0,0.0,0.0,0.0,0.0,0.0,0.0,1.0,0.6666666666666666,0.3164179104477612,0.6468606431852986,0.0,0.0043946932006633495,False,False,True,False,False,False,True,False,0,0
1.0,0.0,0.0,0.0,0.013888888888888888,1.0,0.0,1.0,0.5,0.5,0.5,0.5,0.5,0.5,0.0,0.0,1.0,0.028358208955223903,0.2649310872894334,0.0,0.0003938640132669986,False,True,False,False,False,True,False,False,0,0
1.0,0.0,0.0,0.0,0.9027777777777777,1.0,1.0,1.0,0.5,0.5,0.5,0.5,0.5,0.5,0.5,0.0,0.3333333333333333,0.06517412935323384,0.16232771822358347,0.0,0.05883775566611388,True,False,False,False,True,False,False,False,0,0
0.0,0.0,1.0,0.0,0.6388888888888888,1.0,0.0,0.0,0.0,1.0,0.0,0.0,1.0,1.0,0.0,1.0,0.3333333333333333,0.5059701492537314,0.4211332312404288,0.0,0.3232587064676617,False,True,False,False,False,True,False,False,0,0
0.0,0.0,0.0,1.0,0.29166666666666663,1.0,0.0,1.0,0.5,0.5,0.5,0.5,0.5,0.5,0.0,0.0,1.0,0.02487562189054727,0.5886676875957121,0.0,0.007255389718076286,False,False,True,False,False,False,True,False,0,0
1.0,1.0,0.0,0.0,0.3333333333333333,1.0,1.0,0.5,0.0,1.0,0.0,0.0,1.0,1.0,0.0,1.0,0.6666666666666666,0.8258706467661693,0.3203675344563553,1.0,0.2752902155887231,False,True,False,False,False,True,False,False,1,1
0.0,0.0,1.0,1.0,0.4722222222222222,0.0,0.5,0.0,1.0,0.0,1.0,1.0,1.0,1.0,0.5,0.0,1.0,0.427860696517413,0.2453292496171516,0.0,0.20204532891100058,True,False,False,False,True,False,False,False,0,0
0.0,0.0,0.0,0.0,0.18055555555555555,1.0,0.0,0.5,0.0,1.0,0.0,0.0,0.0,0.0,0.5,1.0,1.0,0.5611940298507464,0.991730474732006,0.0,0.10132669983416254,False,False,False,True,False,False,False,True,0,0
0.0,0.0,1.0,1.0,0.6666666666666666,1.0,0.0,0.0,1.0,0.0,1.0,1.0,1.0,0.0,0.5,0.0,0.0,0.5119402985074628,0.4022970903522205,0.0,0.3412935323383085,False,True,False,False,False,True,False,False,0,0
0.0,0.0,0.0,0.0,0.7777777777777777,1.0,1.0,0.5,0.0,1.0,1.0,0.0,1.0,1.0,0.5,1.0,0.6666666666666666,0.8810945273631842,0.7427258805513016,0.0,0.6852957435046987,False,False,True,False,False,False,True,False,0,0
0.0,0.0,1.0,1.0,0.5833333333333333,1.0,0.0,0.5,0.0,0.0,1.0,1.0,1.0,1.0,1.0,1.0,0.6666666666666666,0.8174129353233833,0.5611026033690658,0.0,0.4768242122719735,False,False,True,False,False,False,True,False,0,0
0.0,0.0,1.0,0.0,0.05555555555555555,1.0,0.0,0.0,1.0,1.0,0.0,0.0,0.0,0.0,0.0,0.0,1.0,0.3626865671641792,0.3042879019908116,0.0,0.020149253731343287,False,True,False,False,False,True,False,False,0,0
0.0,0.0,1.0,0.0,0.9027777777777777,1.0,0.0,0.0,1.0,0.0,1.0,0.0,0.0,0.0,0.0,1.0,1.0,0.3671641791044777,0.48499234303215927,0.0,0.3314676616915423,False,True,False,False,False,True,False,False,0,0
1.0,0.0,1.0,0.0,0.041666666666666664,0.0,0.5,0.0,0.0,0.0,0.0,0.0,0.0,0.0,0.0,0.0,1.0,0.06716417910447763,0.9047473200612557,0.0,0.0027985074626865674,False,False,False,True,False,False,False,True,0,0
0.0,0.0,1.0,1.0,0.9722222222222222,1.0,1.0,0.0,1.0,0.0,0.0,1.0,1.0,1.0,1.0,1.0,0.0,0.6203980099502487,0.6947932618683001,0.0,0.6031647318960751,False,False,True,False,False,False,True,False,0,0
1.0,1.0,0.0,0.0,0.013888888888888888,1.0,1.0,0.5,0.0,0.0,1.0,0.0,1.0,0.0,0.0,1.0,0.6666666666666666,0.7019900497512438,0.9621745788667687,1.0,0.009749861802100608,False,False,False,True,False,False,False,True,1,1
1.0,0.0,0.0,0.0,0.9166666666666666,1.0,0.0,0.0,1.0,1.0,0.0,0.0,0.0,0.0,0.5,1.0,1.0,0.36368159203980105,0.45926493108728944,0.0,0.33337479270315096,False,True,False,False,False,True,False,False,0,0
1.0,0.0,0.0,0.0,0.2638888888888889,1.0,0.0,0.0,0.0,0.0,1.0,1.0,0.0,0.0,0.0,1.0,0.3333333333333333,0.3656716417910448,0.013782542113323124,1.0,0.09649668325041459,True,False,False,False,True,False,False,False,1,1
1.0,0.0,1.0,0.0,0.9722222222222222,1.0,1.0,1.0,0.5,0.5,0.5,0.5,0.5,0.5,1.0,0.0,0.0,0.059701492537313425,0.18820826952526798,0.0,0.058043117744610274,True,False,False,False,True,False,False,False,0,0
1.0,0.0,0.0,0.0,0.5694444444444444,1.0,0.0,0.5,0.0,1.0,0.0,1.0,1.0,1.0,1.0,1.0,0.3333333333333333,0.8099502487562191,0.5520673813169985,0.0,0.46122166943062476,False,False,True,False,False,False,True,False,0,0
1.0,0.0,1.0,1.0,0.625,1.0,1.0,0.5,0.0,1.0,1.0,1.0,1.0,1.0,1.0,1.0,0.0,0.9104477611940301,0.6356814701378254,0.0,0.5690298507462689,False,False,True,False,False,False,True,False,0,0
0.0,0.0,1.0,0.0,0.6805555555555555,1.0,0.0,1.0,0.5,0.5,0.5,0.5,0.5,0.5,0.5,0.0,0.0,0.02189054726368159,0.969218989280245,0.0,0.014897733554449968,False,False,False,True,False,False,False,True,0,0
1.0,1.0,0.0,0.0,0.3055555555555555,1.0,1.0,0.5,0.0,0.0,0.0,1.0,1.0,0.0,0.0,1.0,0.0,0.718905472636816,0.23139356814701378,1.0,0.21966556108347154,True,False,False,False,True,False,False,False,1,1
0.0,0.0,1.0,1.0,0.7777777777777777,1.0,1.0,0.5,0.0,1.0,1.0,1.0,0.0,1.0,0.5,1.0,0.3333333333333333,0.810945273631841,0.7110260336906585,0.0,0.6307352128247652,False,False,True,False,False,False,True,False,0,0
0.0,0.0,0.0,0.0,0.20833333333333331,1.0,1.0,0.0,1.0,0.0,0.0,0.0,0.0,0.0,0.0,1.0,1.0,0.37263681592039805,0.9678407350689127,1.0,0.07763266998341625,False,False,False,True,False,False,False,True,1,1
0.0,0.0,1.0,1.0,0.9305555555555555,1.0,1.0,0.5,1.0,0.0,1.0,1.0,0.0,1.0,0.5,1.0,0.0,0.8159203980099504,0.8128637059724348,0.0,0.7592592592592593,False,False,False,True,False,False,False,True,0,0
1.0,0.0,1.0,1.0,0.013888888888888888,1.0,0.0,1.0,0.5,0.5,0.5,0.5,0.5,0.5,0.5,0.0,1.0,0.013930348258706458,0.22771822358346094,0.0,0.00019347705914870078,True,False,False,False,True,False,False,False,0,0
1.0,1.0,1.0,1.0,0.5277777777777778,1.0,1.0,0.5,0.0,1.0,0.0,0.0,1.0,1.0,0.0,0.0,0.6666666666666666,0.8248756218905474,0.4931087289433384,0.0,0.4353510226644556,False,True,False,False,False,True,False,False,0,0
0.0,0.0,0.0,0.0,0.7222222222222222,1.0,1.0,0.0,1.0,0.0,1.0,1.0,1.0,0.0,0.5,0.0,0.3333333333333333,0.5547263681592041,0.5079632465543644,0.0,0.4006357103372029,False,False,True,False,False,False,True,False,0,0
0.0,0.0,1.0,1.0,0.4722222222222222,1.0,0.0,1.0,0.5,0.5,0.5,0.5,0.5,0.5,0.5,1.0,0.0,0.018407960199004984,0.8252679938744257,0.0,0.008692647871752354,False,False,False,True,False,False,False,True,0,0
1.0,0.0,1.0,1.0,0.9583333333333333,1.0,0.0,1.0,0.5,0.5,0.5,0.5,0.5,0.5,1.0,0.0,0.0,0.016417910447761173,0.09892802450229708,0.0,0.015733830845771124,True,False,False,False,True,False,False,False,0,0
1.0,0.0,0.0,1.0,0.05555555555555555,1.0,1.0,0.5,0.0,1.0,0.0,0.0,1.0,1.0,0.0,1.0,0.6666666666666666,0.8303482587064678,0.4813169984686064,1.0,0.04613045881702599,False,True,False,False,False,True,False,False,1,1
0.0,0.0,0.0,0.0,0.875,1.0,0.0,0.0,0.0,0.0,1.0,0.0,0.0,1.0,0.5,0.0,0.3333333333333333,0.400995024875622,0.4655436447166922,0.0,0.35087064676616925,False,True,False,False,False,True,False,False,0,0
1.0,0.0,1.0,0.0,0.3333333333333333,1.0,0.0,1.0,0.5,0.5,0.5,0.5,0.5,0.5,1.0,0.0,1.0,0.01492537313432835,0.6245022970903522,0.0,0.004975124378109449,False,False,True,False,False,False,True,False,0,0
1.0,0.0,0.0,0.0,0.861111111111111,1.0,1.0,0.5,1.0,1.0,1.0,0.0,0.0,0.0,0.0,0.0,0.0,0.7208955223880599,0.7081163859111792,0.0,0.620771144278607,False,False,True,False,False,False,True,False,0,0
0.0,0.0,0.0,0.0,0.5,1.0,0.0,1.0,0.5,0.5,0.5,0.5,0.5,0.5,0.5,1.0,0.0,0.00995024875621889,0.8226646248085758,0.0,0.004975124378109445,False,False,False,True,False,False,False,True,0,0
0.0,0.0,0.0,0.0,0.5277777777777778,1.0,1.0,0.0,0.0,1.0,0.0,1.0,0.0,1.0,0.0,0.0,0.3333333333333333,0.4965174129353235,0.35283307810107195,0.0,0.26205085682697626,False,True,False,False,False,True,False,False,0,0
0.0,1.0,1.0,0.0,0.6527777777777778,1.0,1.0,0.5,1.0,0.0,0.0,0.0,0.0,0.0,0.0,0.0,0.6666666666666666,0.6179104477611941,0.501531393568147,1.0,0.4033582089552239,False,False,True,False,False,False,True,False,1,1
1.0,0.0,1.0,0.0,0.5277777777777778,1.0,0.0,0.5,1.0,1.0,0.0,0.0,0.0,0.0,0.0,1.0,0.6666666666666666,0.6089552238805971,0.3998468606431853,1.0,0.32139303482587067,False,True,False,False,False,True,False,False,1,1
0.0,0.0,1.0,1.0,0.5833333333333333,1.0,0.0,0.5,0.0,0.0,1.0,0.0,1.0,1.0,0.0,1.0,0.6666666666666666,0.7353233830845772,0.5076569678407351,0.0,0.42893864013267,False,False,True,False,False,False,True,False,0,0
0.0,0.0,1.0,0.0,0.5833333333333333,1.0,1.0,1.0,0.5,0.5,0.5,0.5,0.5,0.5,1.0,0.0,0.6666666666666666,0.06965174129353237,0.031546707503828486,0.0,0.04063018242122721,True,False,False,False,True,False,False,False,0,0
0.0,0.0,0.0,0.0,0.041666666666666664,1.0,0.0,0.0,0.0,1.0,0.0,1.0,1.0,1.0,0.0,1.0,0.6666666666666666,0.5676616915422886,0.3194486983154671,0.0,0.02365257048092869,False,True,False,False,False,True,False,False,0,0
1.0,1.0,0.0,0.0,0.1111111111111111,1.0,0.0,0.5,1.0,0.0,0.0,1.0,1.0,1.0,0.0,0.0,0.3333333333333333,0.8164179104477614,0.9415007656967841,1.0,0.09071310116086237,False,False,False,True,False,False,False,True,1,1
1.0,1.0,0.0,0.0,0.125,1.0,1.0,0.5,0.0,0.0,0.0,0.0,0.0,1.0,0.0,1.0,0.3333333333333333,0.6582089552238808,0.8693721286370597,1.0,0.0822761194029851,False,False,False,True,False,False,False,True,1,1
0.0,0.0,1.0,0.0,0.8055555555555555,1.0,1.0,0.0,1.0,0.0,0.0,1.0,0.0,1.0,0.5,1.0,0.6666666666666666,0.49900497512437825,0.5199081163859112,0.0,0.40197622996130467,False,False,True,False,False,False,True,False,0,0
1.0,1.0,0.0,0.0,0.29166666666666663,1.0,0.0,0.0,0.0,0.0,1.0,0.0,1.0,0.0,0.0,1.0,0.0,0.4159203980099503,0.06615620214395099,1.0,0.12131011608623549,True,False,False,False,True,False,False,False,1,1
0.0,0.0,0.0,0.0,0.1388888888888889,1.0,0.0,1.0,0.5,0.5,0.5,0.5,0.5,0.5,0.0,1.0,1.0,0.026368159203980092,0.3245022970903522,0.0,0.003662244333886124,False,True,False,False,False,True,False,False,0,0
0.0,0.0,0.0,0.0,0.9722222222222222,1.0,1.0,0.5,0.0,1.0,0.0,0.0,1.0,1.0,0.5,0.0,0.6666666666666666,0.8024875621890549,0.8264931087289433,0.0,0.7801962410171367,False,False,False,True,False,False,False,True,0,0
1.0,0.0,0.0,0.0,0.3611111111111111,1.0,0.0,0.0,1.0,0.0,0.0,1.0,1.0,1.0,0.5,0.0,0.0,0.5646766169154229,0.23078101071975496,0.0,0.2039110005527916,True,False,False,False,True,False,False,False,0,0
1.0,1.0,1.0,0.0,0.5,1.0,1.0,0.5,0.0,1.0,0.0,0.0,1.0,1.0,0.0,1.0,0.6666666666666666,0.7786069651741295,0.4555895865237366,1.0,0.38930348258706476,False,True,False,False,False,True,False,False,1,1
1.0,0.0,1.0,0.0,1.0,1.0,1.0,0.0,1.0,1.0,1.0,1.0,0.0,0.0,1.0,1.0,0.0,0.49303482587064684,0.6214395099540582,0.0,0.49303482587064684,False,False,True,False,False,False,True,False,0,0
0.0,0.0,0.0,0.0,0.125,1.0,0.0,0.5,1.0,0.0,0.0,0.0,0.0,0.0,0.0,1.0,0.3333333333333333,0.5572139303482588,0.7889739663093415,1.0,0.06965174129353235,False,False,False,True,False,False,False,True,1,1
0.0,0.0,0.0,0.0,0.20833333333333331,1.0,1.0,0.5,0.0,1.0,0.0,0.0,1.0,1.0,0.0,1.0,0.6666666666666666,0.8149253731343286,0.11684532924961714,0.0,0.1697761194029851,True,False,False,False,True,False,False,False,0,0
0.0,1.0,0.0,0.0,0.875,1.0,1.0,0.0,1.0,1.0,1.0,1.0,1.0,0.0,0.5,0.0,0.0,0.6442786069651742,0.6728943338437978,0.0,0.5637437810945275,False,False,True,False,False,False,True,False,0,0
1.0,0.0,0.0,0.0,0.05555555555555555,1.0,0.0,0.0,0.0,1.0,0.0,1.0,1.0,0.0,0.0,1.0,0.0,0.45273631840796025,0.2900459418070444,0.0,0.025152017689331122,False,True,False,False,False,True,False,False,0,0
1.0,0.0,0.0,0.0,0.3472222222222222,1.0,0.0,1.0,0.5,0.5,0.5,0.5,0.5,0.5,0.0,0.0,1.0,0.02338308457711444,0.6889739663093415,0.0,0.008119126589275848,False,False,True,False,False,False,True,False,0,0
1.0,0.0,1.0,0.0,0.6388888888888888,1.0,0.0,1.0,0.5,0.5,0.5,0.5,0.5,0.5,0.0,0.0,0.6666666666666666,0.013432835820895526,0.951761102603369,0.0,0.008582089552238808,False,False,False,True,False,False,False,True,0,0
0.0,1.0,1.0,0.0,0.611111111111111,1.0,1.0,0.5,0.0,0.0,1.0,1.0,1.0,1.0,0.0,0.0,0.6666666666666666,0.8547263681592042,0.5833078101071976,0.0,0.5223327805417358,False,False,True,False,False,False,True,False,0,0
1.0,0.0,0.0,0.0,0.16666666666666666,1.0,0.0,1.0,0.5,0.5,0.5,0.5,0.5,0.5,0.0,0.0,1.0,0.02189054726368159,0.33751914241960185,0.0,0.0036484245439469317,False,True,False,False,False,True,False,False,0,0
1.0,0.0,0.0,0.0,0.013888888888888888,1.0,0.0,0.0,0.0,0.0,0.0,0.0,0.0,0.0,0.0,1.0,0.6666666666666666,0.26417910447761195,0.5739663093415007,0.0,0.0036691542288557213,False,False,True,False,False,False,True,False,0,0
1.0,0.0,0.0,0.0,0.013888888888888888,1.0,0.0,0.0,1.0,0.0,0.0,0.0,0.0,0.0,0.0,1.0,1.0,0.30149253731343284,0.6203675344563553,1.0,0.004187396351575456,False,False,True,False,False,False,True,False,1,1
0.0,1.0,0.0,0.0,0.2777777777777778,1.0,1.0,0.0,0.0,0.0,0.0,0.0,0.0,1.0,0.0,1.0,1.0,0.4313432835820896,0.04977029096477795,1.0,0.11981757877280268,True,False,False,False,True,False,False,False,1,1
0.0,0.0,1.0,1.0,1.0,1.0,1.0,0.5,1.0,1.0,1.0,1.0,1.0,1.0,1.0,0.0,0.3333333333333333,0.9875621890547265,0.9588055130168452,0.0,0.9875621890547265,False,False,False,True,False,False,False,True,0,0
1.0,0.0,1.0,0.0,0.736111111111111,0.0,0.5,0.0,0.0,1.0,1.0,1.0,1.0,1.0,0.5,1.0,0.6666666666666666,0.41990049751243796,0.4238897396630934,1.0,0.30909342177998905,False,True,False,False,False,True,False,False,1,1
1.0,0.0,1.0,1.0,0.7222222222222222,1.0,0.0,1.0,0.5,0.5,0.5,0.5,0.5,0.5,1.0,0.0,1.0,0.009452736318407958,0.015926493108728942,0.0,0.006826976229961303,True,False,False,False,True,False,False,False,0,0
1.0,1.0,1.0,0.0,0.027777777777777776,1.0,0.0,0.5,0.0,0.0,1.0,0.0,0.0,0.0,0.0,1.0,0.6666666666666666,0.5567164179104479,0.1116385911179173,0.0,0.015464344941956885,True,False,False,False,True,False,False,False,0,0
1.0,0.0,0.0,0.0,0.6944444444444444,1.0,0.0,0.5,1.0,1.0,0.0,1.0,0.0,1.0,0.0,1.0,0.3333333333333333,0.7487562189054727,0.614854517611026,0.0,0.5199695964621338,False,False,True,False,False,False,True,False,0,0
1.0,0.0,1.0,1.0,0.2361111111111111,1.0,0.0,0.5,0.0,0.0,0.0,0.0,0.0,0.0,0.0,1.0,0.6666666666666666,0.5049751243781095,0.04349157733537519,1.0,0.11923023770038697,True,False,False,False,True,False,False,False,1,1
1.0,1.0,1.0,0.0,0.7083333333333333,0.0,0.5,0.0,0.0,1.0,0.0,0.0,0.0,0.0,0.0,1.0,0.3333333333333333,0.11144278606965177,0.12924961715160796,0.0,0.07893864013266999,True,False,False,False,True,False,False,False,0,0
1.0,1.0,0.0,0.0,0.2222222222222222,1.0,0.0,0.5,0.0,0.0,0.0,0.0,0.0,1.0,0.0,1.0,0.6666666666666666,0.6019900497512438,0.061102603369065846,0.0,0.1337755666113875,True,False,False,False,True,False,False,False,0,0
0.0,0.0,0.0,0.0,0.25,1.0,1.0,0.5,0.0,0.0,1.0,1.0,0.0,1.0,0.0,1.0,0.0,0.7641791044776121,0.1785604900459418,0.0,0.19104477611940301,True,False,False,False,True,False,False,False,0,0
1.0,0.0,1.0,1.0,0.986111111111111,1.0,1.0,0.0,1.0,0.0,1.0,1.0,1.0,1.0,0.5,0.0,0.6666666666666666,0.6686567164179106,0.7802450229709035,0.0,0.6593698175787729,False,False,False,True,False,False,False,True,0,0
1.0,0.0,1.0,1.0,0.9444444444444444,0.0,0.5,0.0,1.0,1.0,0.0,0.0,1.0,0.0,0.5,0.0,1.0,0.26417910447761195,0.3949464012251148,0.0,0.24950248756218907,False,True,False,False,False,True,False,False,0,0
1.0,1.0,0.0,0.0,0.013888888888888888,1.0,0.0,0.5,0.0,0.0,0.0,1.0,0.0,0.0,0.0,0.0,0.6666666666666666,0.5616915422885573,0.876416539050536,0.0,0.007801271420674407,False,False,False,True,False,False,False,True,0,0
0.0,0.0,1.0,1.0,0.3472222222222222,1.0,0.0,1.0,0.5,0.5,0.5,0.5,0.5,0.5,1.0,1.0,1.0,0.004477611940298499,0.5021439509954058,0.0,0.001554726368159201,False,False,True,False,False,False,True,False,0,0
1.0,1.0,1.0,0.0,0.3333333333333333,1.0,0.0,0.5,0.0,0.0,1.0,0.0,1.0,1.0,0.0,1.0,0.6666666666666666,0.7452736318407962,0.2859111791730475,1.0,0.24842454394693206,False,True,False,False,False,True,False,False,1,1
1.0,0.0,0.0,0.0,0.19444444444444442,0.0,0.5,0.0,0.0,0.0,1.0,0.0,1.0,1.0,0.0,1.0,0.6666666666666666,0.32338308457711445,0.8555895865237366,1.0,0.0628800442233278,False,False,False,True,False,False,False,True,1,1
1.0,0.0,0.0,0.0,0.7638888888888888,1.0,0.0,0.0,1.0,0.0,1.0,1.0,0.0,0.0,1.0,1.0,0.6666666666666666,0.40746268656716433,0.4223583460949464,0.0,0.3112562189054727,False,True,False,False,False,True,False,False,0,0
0.0,0.0,0.0,0.0,0.3472222222222222,0.0,0.5,0.0,1.0,1.0,1.0,0.0,1.0,1.0,0.5,0.0,0.6666666666666666,0.42587064676616926,0.14977029096477795,0.0,0.1478717523493643,True,False,False,False,True,False,False,False,0,0
1.0,0.0,1.0,1.0,0.1388888888888889,1.0,0.0,0.0,0.0,0.0,1.0,0.0,1.0,0.0,0.0,0.0,1.0,0.4174129353233832,0.7140888208269525,0.0,0.05797401879491434,False,False,True,False,False,False,True,False,0,0
1.0,0.0,1.0,1.0,0.8472222222222222,1.0,0.0,0.5,0.0,1.0,1.0,1.0,1.0,1.0,0.5,0.0,0.3333333333333333,0.8522388059701494,0.7941807044410413,0.0,0.7220356550580432,False,False,False,True,False,False,False,True,0,0
1.0,0.0,0.0,0.0,0.08333333333333333,1.0,0.0,0.0,1.0,0.0,0.0,0.0,0.0,1.0,0.0,1.0,0.0,0.4069651741293533,0.4465543644716692,0.0,0.03391376451077944,False,True,False,False,False,True,False,False,0,0
1.0,0.0,0.0,0.0,0.18055555555555555,1.0,0.0,1.0,0.5,0.5,0.5,0.5,0.5,0.5,1.0,0.0,1.0,0.016915422885572132,0.3182235834609495,0.0,0.003054173576561635,False,True,False,False,False,True,False,False,0,0
0.0,0.0,0.0,0.0,0.027777777777777776,1.0,0.0,1.0,0.5,0.5,0.5,0.5,0.5,0.5,0.0,0.0,1.0,0.01044776119402985,0.5728943338437978,0.0,0.00029021558872305135,False,False,True,False,False,False,True,False,0,0
0.0,0.0,1.0,0.0,0.013888888888888888,1.0,0.0,0.0,0.0,0.0,0.0,0.0,0.0,0.0,0.0,1.0,0.6666666666666666,0.2661691542288558,0.5834609494640123,0.0,0.0036967938087341078,False,False,True,False,False,False,True,False,0,0
0.0,0.0,0.0,0.0,0.027777777777777776,1.0,0.0,0.5,0.0,0.0,0.0,0.0,0.0,0.0,0.0,0.0,0.6666666666666666,0.518407960199005,0.10857580398162327,0.0,0.014400221116639028,True,False,False,False,True,False,False,False,0,0
1.0,1.0,0.0,0.0,0.6805555555555555,1.0,1.0,0.5,0.0,0.0,0.0,0.0,1.0,1.0,0.0,1.0,0.6666666666666666,0.7756218905472639,0.6113323124042879,1.0,0.5278537866224434,False,False,True,False,False,False,True,False,1,1
0.0,0.0,0.0,0.0,0.013888888888888888,1.0,0.0,0.0,0.0,0.0,0.0,0.0,0.0,0.0,0.0,1.0,1.0,0.2691542288557214,0.5843797856049004,1.0,0.0037382531785516856,False,False,True,False,False,False,True,False,1,1
1.0,0.0,1.0,0.0,0.5138888888888888,1.0,1.0,0.5,0.0,0.0,1.0,1.0,1.0,0.0,1.0,0.0,1.0,0.756716417910448,0.4588055130168453,0.0,0.38886815920398016,False,True,False,False,False,True,False,False,0,0
0.0,0.0,1.0,1.0,0.5555555555555556,1.0,0.0,1.0,0.5,0.5,0.5,0.5,0.5,0.5,1.0,0.0,0.0,0.018905472636815888,0.9033690658499234,0.0,0.010503040353786604,False,False,False,True,False,False,False,True,0,0
0.0,1.0,0.0,0.0,0.3194444444444444,1.0,0.0,0.5,0.0,1.0,0.0,0.0,1.0,1.0,0.0,1.0,0.6666666666666666,0.7611940298507465,0.29647779479326186,1.0,0.24315920398009955,False,True,False,False,False,True,False,False,1,1
0.0,1.0,0.0,0.0,0.9166666666666666,1.0,1.0,0.5,0.0,1.0,1.0,0.0,1.0,1.0,0.5,0.0,0.0,0.8940298507462688,0.8632465543644716,0.0,0.8195273631840797,False,False,False,True,False,False,False,True,0,0
1.0,0.0,1.0,1.0,0.2361111111111111,1.0,1.0,0.5,0.0,0.0,0.0,0.0,1.0,1.0,0.0,1.0,0.6666666666666666,0.7393034825870647,0.14287901990811638,1.0,0.1745577667219458,True,False,False,False,True,False,False,False,1,1
1.0,1.0,0.0,0.0,0.125,1.0,1.0,0.5,0.0,0.0,0.0,0.0,0.0,1.0,0.0,1.0,0.6666666666666666,0.6646766169154229,0.881010719754977,1.0,0.08308457711442786,False,False,False,True,False,False,False,True,1,1
0.0,1.0,1.0,0.0,0.5416666666666666,1.0,1.0,0.5,0.0,0.0,0.0,1.0,1.0,1.0,0.0,1.0,0.6666666666666666,0.8258706467661693,0.5165390505359877,0.0,0.447346600331675,False,False,True,False,False,False,True,False,0,0
1.0,0.0,0.0,1.0,0.3194444444444444,0.0,0.5,0.0,1.0,0.0,1.0,1.0,0.0,0.0,1.0,0.0,1.0,0.21741293532338313,0.954823889739663,0.0,0.06945135433941405,False,False,False,True,False,False,False,True,0,0
1.0,0.0,0.0,0.0,0.6944444444444444,1.0,0.0,1.0,0.5,0.5,0.5,0.5,0.5,0.5,0.5,0.0,0.3333333333333333,0.018905472636815888,0.9964777947932618,0.0,0.013128800442233255,False,False,False,True,False,False,False,True,0,0
0.0,0.0,0.0,0.0,0.041666666666666664,1.0,0.0,0.5,0.0,1.0,0.0,1.0,1.0,1.0,0.0,1.0,0.6666666666666666,0.7925373134328361,0.41929555895865234,1.0,0.0330223880597015,False,True,False,False,False,True,False,False,1,1
0.0,0.0,0.0,0.0,0.8472222222222222,1.0,0.0,1.0,0.5,0.5,0.5,0.5,0.5,0.5,0.5,0.0,0.0,0.011940298507462675,0.09310872894333844,0.0,0.01011608623548921,True,False,False,False,True,False,False,False,0,0
0.0,0.0,0.0,0.0,0.3333333333333333,1.0,1.0,0.5,0.0,0.0,1.0,0.0,1.0,0.0,0.0,1.0,0.3333333333333333,0.7034825870646767,0.26003062787136294,0.0,0.23449419568822555,False,True,False,False,False,True,False,False,0,0
0.0,0.0,1.0,1.0,0.19444444444444442,1.0,1.0,0.5,0.0,0.0,0.0,0.0,1.0,0.0,0.0,1.0,0.6666666666666666,0.6621890547263682,0.057120980091883614,0.0,0.12875898286346046,True,False,False,False,True,False,False,False,0,0
1.0,0.0,1.0,1.0,0.7222222222222222,1.0,1.0,1.0,0.5,0.5,0.5,0.5,0.5,0.5,1.0,0.0,1.0,0.0746268656716418,0.09647779479326186,0.0,0.05389718076285241,True,False,False,False,True,False,False,False,0,0
0.0,0.0,1.0,0.0,0.20833333333333331,1.0,0.0,0.5,0.0,0.0,1.0,0.0,1.0,0.0,0.0,1.0,0.6666666666666666,0.6572139303482588,0.08652373660030628,1.0,0.1369195688225539,True,False,False,False,True,False,False,False,1,1
0.0,0.0,0.0,0.0,0.4583333333333333,1.0,1.0,0.0,1.0,0.0,0.0,1.0,0.0,0.0,0.5,0.0,0.6666666666666666,0.40945273631840806,0.23828483920367532,0.0,0.18766583747927035,True,False,False,False,True,False,False,False,0,0
1.0,1.0,1.0,0.0,0.9583333333333333,1.0,1.0,0.5,0.0,1.0,1.0,0.0,0.0,1.0,0.0,1.0,0.0,0.7671641791044778,0.7879019908116386,0.0,0.7351990049751245,False,False,False,True,False,False,False,True,0,0
0.0,0.0,1.0,1.0,0.8472222222222222,1.0,1.0,0.0,1.0,1.0,1.0,1.0,1.0,1.0,1.0,0.0,1.0,0.6950248756218905,0.7027565084226646,0.0,0.5888405196241017,False,False,True,False,False,False,True,False,0,0
1.0,0.0,1.0,1.0,0.986111111111111,1.0,1.0,0.5,1.0,1.0,1.0,1.0,1.0,1.0,1.0,1.0,0.0,0.9731343283582091,0.9387442572741194,0.0,0.9596185737976783,False,False,False,True,False,False,False,True,0,0
0.0,0.0,0.0,0.0,0.736111111111111,1.0,1.0,0.5,1.0,1.0,1.0,0.0,0.0,0.0,0.0,0.0,0.6666666666666666,0.7218905472636816,0.6395099540581929,0.0,0.5313916528468767,False,False,True,False,False,False,True,False,0,0
0.0,1.0,0.0,0.0,0.5833333333333333,1.0,1.0,0.0,0.0,0.0,1.0,0.0,0.0,0.0,0.0,0.0,0.6666666666666666,0.3721393034825871,0.31684532924961717,0.0,0.21708126036484246,False,True,False,False,False,True,False,False,0,0
1.0,0.0,0.0,0.0,0.5,1.0,0.0,0.0,1.0,0.0,1.0,1.0,1.0,1.0,0.0,1.0,0.3333333333333333,0.6064676616915424,0.3776416539050536,0.0,0.3032338308457712,False,True,False,False,False,True,False,False,0,0
1.0,0.0,0.0,0.0,0.3472222222222222,1.0,0.0,0.5,1.0,0.0,1.0,1.0,1.0,1.0,0.0,1.0,0.6666666666666666,0.8681592039800997,0.3578866768759571,0.0,0.3014441680486457,False,True,False,False,False,True,False,False,0,0
0.0,0.0,0.0,0.0,0.1111111111111111,1.0,0.0,1.0,0.5,0.5,0.5,0.5,0.5,0.5,0.0,1.0,1.0,0.02437810945273631,0.10199081163859111,0.0,0.002708678828081812,True,False,False,False,True,False,False,False,0,0
0.0,0.0,0.0,0.0,0.2222222222222222,1.0,1.0,0.5,0.0,1.0,1.0,0.0,0.0,1.0,0.0,1.0,0.3333333333333333,0.7696517412935325,0.15252679938744257,1.0,0.17103372028745167,True,False,False,False,True,False,False,False,1,1
0.0,0.0,0.0,0.0,0.16666666666666666,1.0,1.0,0.5,0.0,1.0,0.0,0.0,1.0,0.0,0.0,1.0,0.0,0.7114427860696518,0.01562021439509954,1.0,0.1185737976782753,True,False,False,False,True,False,False,False,1,1
0.0,0.0,1.0,0.0,0.38888888888888884,1.0,1.0,0.5,0.0,0.0,1.0,1.0,1.0,1.0,0.0,1.0,0.6666666666666666,0.8611940298507464,0.40520673813169983,1.0,0.33490878938640134,False,True,False,False,False,True,False,False,1,1
1.0,0.0,0.0,0.0,0.09722222222222221,1.0,1.0,0.5,0.0,0.0,0.0,0.0,1.0,1.0,0.0,1.0,0.6666666666666666,0.7547263681592041,0.8464012251148545,0.0,0.07337617468214484,False,False,False,True,False,False,False,True,0,0
1.0,1.0,1.0,0.0,0.4444444444444444,1.0,1.0,0.5,0.0,0.0,1.0,1.0,1.0,1.0,0.0,1.0,0.6666666666666666,0.8621890547263683,0.445635528330781,1.0,0.38319513543394146,False,True,False,False,False,True,False,False,1,1
0.0,0.0,0.0,1.0,0.013888888888888888,1.0,0.0,0.5,0.0,0.0,0.0,0.0,0.0,1.0,0.0,0.0,0.6666666666666666,0.6009950248756221,0.9052067381316998,1.0,0.008347153123272529,False,False,False,True,False,False,False,True,1,1
1.0,0.0,0.0,0.0,0.1111111111111111,0.0,0.5,0.0,1.0,0.0,0.0,0.0,0.0,0.0,0.0,1.0,0.6666666666666666,0.12139303482587063,0.2901990811638591,1.0,0.013488114980652291,False,True,False,False,False,True,False,False,1,1
1.0,0.0,1.0,0.0,0.875,1.0,1.0,0.5,0.0,1.0,1.0,0.0,1.0,1.0,0.0,1.0,0.6666666666666666,0.8472636815920401,0.8070444104134762,1.0,0.7413557213930351,False,False,False,True,False,False,False,True,1,1
0.0,0.0,0.0,0.0,0.013888888888888888,0.0,0.5,0.0,0.0,0.0,0.0,0.0,1.0,0.0,0.0,1.0,0.6666666666666666,0.16368159203980107,0.45053598774885145,1.0,0.002273355444997237,False,True,False,False,False,True,False,False,1,1
1.0,0.0,1.0,0.0,0.8333333333333333,1.0,1.0,0.5,0.0,1.0,1.0,0.0,1.0,1.0,0.5,0.0,0.0,0.8383084577114429,0.7693721286370597,0.0,0.6985903814262023,False,False,False,True,False,False,False,True,0,0
0.0,0.0,0.0,0.0,0.2222222222222222,1.0,0.0,0.5,0.0,1.0,0.0,0.0,0.0,1.0,0.0,1.0,0.6666666666666666,0.6766169154228857,0.09525267993874426,0.0,0.15035931453841903,True,False,False,False,True,False,False,False,0,0
1.0,1.0,1.0,0.0,0.986111111111111,1.0,1.0,0.5,1.0,1.0,1.0,1.0,0.0,0.0,0.5,1.0,0.6666666666666666,0.7338308457711443,0.8044410413476263,0.0,0.7236387506909895,False,False,False,True,False,False,False,True,0,0
1.0,0.0,1.0,1.0,0.5555555555555556,1.0,0.0,0.5,0.0,0.0,1.0,0.0,1.0,0.0,0.5,1.0,0.6666666666666666,0.6646766169154229,0.4459418070444104,0.0,0.369264787175235,False,True,False,False,False,True,False,False,0,0
0.0,1.0,1.0,0.0,0.25,1.0,1.0,0.5,0.0,0.0,0.0,1.0,1.0,1.0,0.0,0.0,0.0,0.810945273631841,0.2127105666156202,1.0,0.20273631840796025,True,False,False,False,True,False,False,False,1,1
1.0,0.0,0.0,0.0,0.06944444444444445,1.0,0.0,0.5,0.0,0.0,0.0,0.0,0.0,1.0,0.0,0.0,1.0,0.6019900497512438,0.5555895865237366,0.0,0.0418048645660586,False,False,True,False,False,False,True,False,0,0
1.0,0.0,0.0,0.0,0.4583333333333333,1.0,0.0,0.5,0.0,1.0,1.0,0.0,0.0,0.0,0.0,1.0,0.3333333333333333,0.6044776119402986,0.34196018376722814,0.0,0.2770522388059702,False,True,False,False,False,True,False,False,0,0
0.0,0.0,1.0,1.0,0.18055555555555555,1.0,0.0,1.0,0.5,0.5,0.5,0.5,0.5,0.5,1.0,1.0,0.0,0.01492537313432835,0.3232771822358346,0.0,0.0026948590381426184,False,True,False,False,False,True,False,False,0,0
0.0,0.0,0.0,0.0,0.5555555555555556,1.0,0.0,0.0,0.0,0.0,1.0,0.0,0.0,0.0,0.5,1.0,1.0,0.318407960199005,0.2537519142419602,0.0,0.17689331122166946,False,True,False,False,False,True,False,False,0,0
1.0,1.0,0.0,0.0,0.9305555555555555,1.0,1.0,0.5,1.0,1.0,1.0,1.0,1.0,1.0,1.0,1.0,0.3333333333333333,0.9736318407960199,0.9075038284839203,0.0,0.9060185185185184,False,False,False,True,False,False,False,True,0,0
0.0,0.0,0.0,0.0,0.2222222222222222,1.0,0.0,0.0,1.0,0.0,0.0,0.0,0.0,0.0,0.0,1.0,0.6666666666666666,0.3174129353233831,0.8937212863705972,1.0,0.07053620784964068,False,False,False,True,False,False,False,True,1,1
1.0,0.0,1.0,0.0,0.8194444444444444,1.0,0.0,0.0,1.0,1.0,1.0,0.0,1.0,0.0,0.5,0.0,0.3333333333333333,0.4791044776119404,0.51791730474732,0.0,0.39259950248756226,False,False,True,False,False,False,True,False,0,0
1.0,1.0,0.0,0.0,0.1111111111111111,1.0,0.0,0.5,0.0,0.0,0.0,0.0,0.0,0.0,0.0,1.0,0.3333333333333333,0.5144278606965176,0.7128637059724349,0.0,0.05715865118850195,False,False,True,False,False,False,True,False,0,0
1.0,0.0,1.0,1.0,0.3333333333333333,1.0,1.0,1.0,0.5,0.5,0.5,0.5,0.5,0.5,1.0,1.0,0.0,0.0582089552238806,0.73843797856049,0.0,0.019402985074626865,False,False,True,False,False,False,True,False,0,0
1.0,0.0,1.0,1.0,0.09722222222222221,1.0,0.0,1.0,0.5,0.5,0.5,0.5,0.5,0.5,0.0,0.0,1.0,0.019900497512437807,0.12404287901990811,0.0,0.0019347705914870088,True,False,False,False,True,False,False,False,0,0
1.0,0.0,1.0,1.0,1.0,1.0,1.0,1.0,0.5,0.5,0.5,0.5,0.5,0.5,1.0,0.0,0.3333333333333333,0.0582089552238806,0.1906584992343032,0.0,0.0582089552238806,True,False,False,False,True,False,False,False,0,0
0.0,0.0,0.0,0.0,0.611111111111111,1.0,0.0,0.5,0.0,1.0,1.0,0.0,1.0,0.0,0.0,1.0,0.3333333333333333,0.6955223880597017,0.5200612557427259,0.0,0.42504145936981763,False,False,True,False,False,False,True,False,0,0
0.0,1.0,1.0,0.0,0.5277777777777778,1.0,1.0,0.5,0.0,0.0,0.0,0.0,0.0,0.0,0.0,1.0,0.0,0.5641791044776121,0.3791730474732006,1.0,0.29776119402985085,False,True,False,False,False,True,False,False,1,1
1.0,0.0,0.0,0.0,0.05555555555555555,1.0,0.0,0.0,0.0,0.0,0.0,0.0,0.0,1.0,0.0,1.0,0.6666666666666666,0.3746268656716418,0.30903522205206735,0.0,0.020812603648424542,False,True,False,False,False,True,False,False,0,0
1.0,0.0,0.0,0.0,0.027777777777777776,1.0,0.0,0.0,1.0,0.0,1.0,0.0,0.0,0.0,0.0,0.0,0.6666666666666666,0.35024875621890555,0.054058192955589585,0.0,0.00972913211719182,True,False,False,False,True,False,False,False,0,0
0.0,0.0,1.0,0.0,0.9722222222222222,0.0,0.5,0.0,1.0,0.0,1.0,1.0,0.0,1.0,1.0,1.0,0.0,0.31442786069651746,0.4480857580398162,0.0,0.30569375345494754,False,True,False,False,False,True,False,False,0,0
0.0,0.0,0.0,0.0,0.4583333333333333,1.0,1.0,0.5,1.0,0.0,0.0,0.0,0.0,1.0,0.0,1.0,0.6666666666666666,0.7203980099502489,0.39540581929555896,0.0,0.33018242122719743,False,True,False,False,False,True,False,False,0,0
0.0,0.0,0.0,0.0,0.013888888888888888,0.0,0.5,0.0,0.0,0.0,0.0,0.0,0.0,0.0,0.0,1.0,1.0,0.0661691542288557,0.31316998468606433,0.0,0.0009190160309563292,False,True,False,False,False,True,False,False,0,0
1.0,0.0,0.0,0.0,0.5416666666666666,0.0,0.5,0.0,0.0,0.0,1.0,1.0,0.0,0.0,0.5,0.0,1.0,0.17213930348258707,0.08683001531393568,0.0,0.09324212271973466,True,False,False,False,True,False,False,False,0,0
1.0,1.0,0.0,0.0,0.7638888888888888,1.0,1.0,0.5,1.0,1.0,1.0,1.0,1.0,1.0,0.0,1.0,0.6666666666666666,0.9776119402985076,0.7880551301684533,0.0,0.7467868988391377,False,False,False,True,False,False,False,True,0,0
1.0,0.0,1.0,1.0,0.7222222222222222,1.0,0.0,0.0,0.0,1.0,1.0,1.0,1.0,0.0,0.5,1.0,0.6666666666666666,0.5024875621890548,0.46232771822358343,0.0,0.3629076838032062,False,True,False,False,False,True,False,False,0,0
0.0,0.0,1.0,1.0,0.41666666666666663,0.0,0.5,0.0,0.0,0.0,0.0,1.0,1.0,1.0,0.0,0.0,0.3333333333333333,0.32786069651741295,0.15451761102603367,1.0,0.13660862354892206,True,False,False,False,True,False,False,False,1,1
1.0,1.0,1.0,0.0,0.8333333333333333,1.0,1.0,0.5,0.0,0.0,0.0,1.0,1.0,1.0,0.0,1.0,0.6666666666666666,0.8034825870646768,0.7543644716692189,0.0,0.6695688225538973,False,False,False,True,False,False,False,True,0,0
1.0,0.0,1.0,1.0,0.6944444444444444,1.0,1.0,0.0,0.0,0.0,1.0,0.0,0.0,0.0,0.5,0.0,0.0,0.3646766169154229,0.3465543644716692,0.0,0.25324765063571036,False,True,False,False,False,True,False,False,0,0
0.0,0.0,0.0,0.0,0.4444444444444444,1.0,1.0,0.5,1.0,0.0,1.0,1.0,1.0,1.0,0.5,1.0,0.0,0.9084577114427862,0.4782542113323124,0.0,0.4037589828634605,False,True,False,False,False,True,False,False,0,0
1.0,0.0,1.0,0.0,0.7083333333333333,1.0,1.0,0.5,0.0,1.0,1.0,0.0,1.0,1.0,0.5,1.0,0.0,0.8810945273631842,0.6978560490045942,0.0,0.624108623548922,False,False,True,False,False,False,True,False,0,0
1.0,0.0,0.0,0.0,0.013888888888888888,1.0,0.0,0.5,0.0,0.0,0.0,1.0,0.0,0.0,0.0,1.0,1.0,0.5577114427860698,0.8754977029096478,0.0,0.007745992260917635,False,False,False,True,False,False,False,True,0,0
0.0,0.0,1.0,1.0,0.9583333333333333,1.0,1.0,1.0,0.5,0.5,0.5,0.5,0.5,0.5,1.0,1.0,0.0,0.07313432835820895,0.1776416539050536,0.0,0.0700870646766169,True,False,False,False,True,False,False,False,0,0
0.0,0.0,1.0,1.0,0.5833333333333333,1.0,1.0,0.5,0.0,0.0,0.0,0.0,1.0,1.0,0.0,1.0,0.6666666666666666,0.7557213930348261,0.5476263399693722,1.0,0.4408374792703152,False,False,True,False,False,False,True,False,1,1
1.0,0.0,1.0,0.0,0.19444444444444442,0.0,0.5,0.0,0.0,0.0,0.0,0.0,1.0,1.0,0.0,0.0,0.6666666666666666,0.2796019900497513,0.8114854517611025,1.0,0.054367053620784964,False,False,False,True,False,False,False,True,1,1
1.0,0.0,0.0,1.0,0.7222222222222222,1.0,1.0,1.0,0.5,0.5,0.5,0.5,0.5,0.5,1.0,0.0,0.3333333333333333,0.07313432835820895,0.09249617151607963,0.0,0.05281923714759535,True,False,False,False,True,False,False,False,0,0
1.0,0.0,1.0,0.0,0.861111111111111,1.0,1.0,0.5,0.0,0.0,1.0,1.0,1.0,1.0,1.0,1.0,0.0,0.8890547263681593,0.8361408882082695,0.0,0.7655749032614705,False,False,False,True,False,False,False,True,0,0
0.0,0.0,1.0,1.0,1.0,1.0,0.0,1.0,0.5,0.5,0.5,0.5,0.5,0.5,1.0,0.0,0.0,0.012935323383084566,0.13124042879019907,0.0,0.012935323383084566,True,False,False,False,True,False,False,False,0,0
1.0,0.0,0.0,0.0,0.4444444444444444,1.0,0.0,0.5,0.0,0.0,0.0,1.0,1.0,1.0,0.0,1.0,0.6666666666666666,0.7756218905472639,0.4237366003062787,1.0,0.3447208402432284,False,True,False,False,False,True,False,False,1,1
0.0,1.0,0.0,0.0,0.013888888888888888,1.0,0.0,0.5,0.0,0.0,0.0,0.0,0.0,0.0,0.0,1.0,0.6666666666666666,0.5114427860696519,0.8344563552833077,1.0,0.007103372028745164,False,False,False,True,False,False,False,True,1,1
0.0,1.0,1.0,0.0,1.0,1.0,1.0,0.5,1.0,0.0,0.0,0.0,0.0,0.0,1.0,0.0,0.0,0.5995024875621892,0.7107197549770291,0.0,0.5995024875621892,False,False,True,False,False,False,True,False,0,0
0.0,1.0,0.0,0.0,0.013888888888888888,1.0,0.0,0.0,0.0,0.0,0.0,0.0,0.0,0.0,0.0,0.0,1.0,0.26716417910447765,0.5837672281776416,1.0,0.0037106135986733004,False,False,True,False,False,False,True,False,1,1
0.0,0.0,0.0,0.0,0.013888888888888888,1.0,1.0,1.0,0.5,0.5,0.5,0.5,0.5,0.5,0.0,1.0,1.0,0.0746268656716418,0.3303215926493109,0.0,0.0010364842454394694,False,True,False,False,False,True,False,False,0,0
1.0,0.0,0.0,0.0,0.06944444444444445,1.0,1.0,0.5,0.0,1.0,1.0,0.0,1.0,1.0,0.0,0.0,1.0,0.8542288557213932,0.6891271056661562,1.0,0.05932144831398564,False,False,True,False,False,False,True,False,1,1
1.0,0.0,0.0,0.0,0.875,1.0,1.0,0.5,0.0,1.0,1.0,0.0,1.0,1.0,1.0,1.0,0.0,0.8606965174129356,0.8004594180704441,0.0,0.7531094527363187,False,False,False,True,False,False,False,True,0,0
1.0,0.0,1.0,1.0,0.9305555555555555,1.0,0.0,0.0,1.0,1.0,1.0,0.0,1.0,1.0,1.0,0.0,0.3333333333333333,0.6278606965174129,0.6868300153139356,0.0,0.5842592592592593,False,False,True,False,False,False,True,False,0,0
0.0,0.0,1.0,1.0,0.5555555555555556,1.0,1.0,0.5,0.0,1.0,1.0,0.0,1.0,0.0,0.0,1.0,0.3333333333333333,0.7771144278606966,0.5134762633996937,0.0,0.43173023770038704,False,False,True,False,False,False,True,False,0,0
1.0,0.0,0.0,0.0,0.9027777777777777,1.0,1.0,0.5,1.0,0.0,0.0,1.0,0.0,1.0,0.5,0.0,0.6666666666666666,0.7492537313432837,0.7595712098009189,0.0,0.6764096185737977,False,False,False,True,False,False,False,True,0,0
0.0,0.0,1.0,1.0,0.2222222222222222,1.0,0.0,1.0,0.5,0.5,0.5,0.5,0.5,0.5,1.0,0.0,1.0,0.01442786069651739,0.39938744257274117,0.0,0.003206191265892753,False,True,False,False,False,True,False,False,0,0
0.0,1.0,0.0,0.0,0.6388888888888888,1.0,1.0,0.0,0.0,0.0,1.0,1.0,0.0,1.0,0.5,1.0,0.3333333333333333,0.5059701492537314,0.4339969372128637,0.0,0.3232587064676617,False,True,False,False,False,True,False,False,0,0
1.0,0.0,0.0,0.0,0.15277777777777776,0.0,0.5,0.0,0.0,1.0,0.0,1.0,0.0,0.0,0.0,1.0,0.6666666666666666,0.17313432835820894,0.5546707503828484,0.0,0.026451077943615252,False,False,True,False,False,False,True,False,0,0
0.0,0.0,1.0,0.0,0.6805555555555555,1.0,0.0,0.5,0.0,1.0,1.0,0.0,1.0,1.0,0.0,0.0,0.6666666666666666,0.8074626865671645,0.6514548238897396,0.0,0.549523217247098,False,False,True,False,False,False,True,False,0,0
0.0,0.0,1.0,0.0,0.9444444444444444,0.0,0.5,0.0,1.0,0.0,1.0,0.0,1.0,1.0,0.5,1.0,0.6666666666666666,0.3597014925373135,0.4911179173047473,0.0,0.3397180762852405,False,True,False,False,False,True,False,False,0,0
0.0,0.0,0.0,0.0,0.1388888888888889,1.0,0.0,1.0,0.5,0.5,0.5,0.5,0.5,0.5,0.5,1.0,1.0,0.01044776119402985,0.21623277182235834,0.0,0.001451077943615257,True,False,False,False,True,False,False,False,0,0
0.0,1.0,0.0,0.0,0.027777777777777776,1.0,0.0,0.5,0.0,1.0,0.0,0.0,1.0,0.0,0.0,1.0,0.0,0.6522388059701493,0.16906584992343032,0.0,0.018117744610281924,True,False,False,False,True,False,False,False,0,0
0.0,0.0,1.0,0.0,0.06944444444444445,1.0,0.0,0.5,0.0,0.0,0.0,0.0,0.0,0.0,0.0,1.0,0.6666666666666666,0.5044776119402986,0.46600306278713627,0.0,0.03503316749585407,False,True,False,False,False,True,False,False,0,0
1.0,0.0,0.0,1.0,0.736111111111111,1.0,0.0,0.0,1.0,1.0,0.0,1.0,0.0,0.0,0.5,0.0,0.3333333333333333,0.44378109452736325,0.45375191424196015,0.0,0.32667219458264235,False,True,False,False,False,True,False,False,0,0
1.0,1.0,1.0,0.0,0.75,1.0,1.0,0.5,0.0,1.0,1.0,1.0,1.0,1.0,1.0,1.0,0.6666666666666666,0.9174129353233834,0.7601837672281776,0.0,0.6880597014925376,False,False,False,True,False,False,False,True,0,0
0.0,0.0,0.0,0.0,0.05555555555555555,1.0,0.0,0.0,0.0,0.0,0.0,0.0,0.0,0.0,0.0,1.0,1.0,0.2691542288557214,0.24012251148545175,1.0,0.014953012714206742,True,False,False,False,True,False,False,False,1,1
1.0,1.0,0.0,0.0,0.20833333333333331,1.0,1.0,0.5,0.0,0.0,0.0,0.0,0.0,0.0,0.0,0.0,0.6666666666666666,0.5711442786069654,0.042725880551301686,1.0,0.1189883913764511,True,False,False,False,True,False,False,False,1,1
1.0,0.0,0.0,0.0,0.1388888888888889,1.0,0.0,1.0,0.5,0.5,0.5,0.5,0.5,0.5,0.0,1.0,1.0,0.01592039800995027,0.2341500765696784,0.0,0.002211166390270871,True,False,False,False,True,False,False,False,0,0
0.0,0.0,0.0,0.0,0.041666666666666664,1.0,0.0,0.0,0.0,0.0,0.0,0.0,0.0,1.0,0.0,1.0,0.6666666666666666,0.3686567164179105,0.23935681470137823,1.0,0.015360696517412935,True,False,False,False,True,False,False,False,1,1
0.0,0.0,1.0,0.0,0.986111111111111,1.0,1.0,1.0,0.5,0.5,0.5,0.5,0.5,0.5,1.0,0.0,0.0,0.06467661691542288,0.2128637059724349,0.0,0.06377833056937533,True,False,False,False,True,False,False,False,0,0
1.0,0.0,1.0,0.0,0.1111111111111111,1.0,0.0,0.0,0.0,1.0,1.0,0.0,0.0,0.0,0.0,1.0,1.0,0.3631840796019901,0.5784073506891271,0.0,0.04035378662244334,False,False,True,False,False,False,True,False,0,0
1.0,1.0,0.0,0.0,0.013888888888888888,1.0,1.0,0.5,0.0,0.0,0.0,0.0,1.0,1.0,0.0,1.0,0.6666666666666666,0.7537313432835823,0.9828483920367534,1.0,0.010468490878938643,False,False,False,True,False,False,False,True,1,1
0.0,0.0,1.0,1.0,0.8888888888888888,1.0,1.0,0.5,1.0,1.0,0.0,1.0,1.0,1.0,1.0,0.0,0.0,0.9159203980099505,0.8421133231240429,0.0,0.8141514648977337,False,False,False,True,False,False,False,True,0,0
1.0,0.0,0.0,0.0,0.7916666666666666,1.0,0.0,1.0,0.5,0.5,0.5,0.5,0.5,0.5,1.0,0.0,0.3333333333333333,0.005472636815920391,0.028637059724349156,0.0,0.004332504145936976,True,False,False,False,True,False,False,False,0,0
0.0,1.0,1.0,0.0,0.013888888888888888,1.0,1.0,0.5,0.0,0.0,1.0,0.0,1.0,1.0,0.0,1.0,0.6666666666666666,0.8213930348258708,0.0007656967840735068,1.0,0.01140823659480376,True,False,False,False,True,False,False,False,1,1
0.0,1.0,1.0,0.0,0.2777777777777778,1.0,0.0,0.0,0.0,1.0,0.0,0.0,0.0,1.0,0.0,1.0,0.6666666666666666,0.41542288557213936,0.07243491577335374,0.0,0.11539524599226093,True,False,False,False,True,False,False,False,0,0
0.0,1.0,0.0,0.0,0.3611111111111111,1.0,1.0,0.0,0.0,0.0,0.0,1.0,0.0,1.0,0.0,1.0,0.6666666666666666,0.4756218905472638,0.17350689127105665,0.0,0.1717523493642897,True,False,False,False,True,False,False,False,0,0
0.0,1.0,0.0,0.0,0.027777777777777776,1.0,0.0,0.5,0.0,0.0,0.0,0.0,0.0,1.0,0.0,1.0,0.0,0.6119402985074628,0.16003062787136293,1.0,0.0169983416252073,True,False,False,False,True,False,False,False,1,1
1.0,0.0,1.0,1.0,0.4444444444444444,1.0,0.0,0.5,1.0,1.0,1.0,0.0,0.0,1.0,0.5,0.0,1.0,0.7616915422885574,0.41699846860643186,0.0,0.33852957435046993,False,True,False,False,False,True,False,False,0,0
0.0,0.0,0.0,0.0,0.06944444444444445,1.0,1.0,1.0,0.5,0.5,0.5,0.5,0.5,0.5,0.0,0.0,1.0,0.0716417910447761,0.09509954058192956,0.0,0.004975124378109451,True,False,False,False,True,False,False,False,0,0
0.0,0.0,0.0,0.0,0.9722222222222222,1.0,1.0,0.5,1.0,1.0,1.0,0.0,1.0,1.0,1.0,1.0,1.0,0.9243781094527365,0.9015313935681469,0.0,0.898700939745716,False,False,False,True,False,False,False,True,0,0
1.0,0.0,0.0,0.0,0.4305555555555555,1.0,0.0,0.0,0.0,0.0,1.0,1.0,0.0,0.0,0.0,1.0,0.6666666666666666,0.36815920398009955,0.18683001531393567,1.0,0.15851299060254284,True,False,False,False,True,False,False,False,1,1
0.0,0.0,0.0,0.0,0.09722222222222221,1.0,0.0,0.0,0.0,0.0,0.0,1.0,1.0,0.0,0.0,1.0,1.0,0.4104477611940299,0.5434915773353751,1.0,0.03990464344941957,False,False,True,False,False,False,True,False,1,1
1.0,0.0,0.0,0.0,0.013888888888888888,0.0,0.5,0.0,0.0,0.0,0.0,0.0,0.0,0.0,0.0,0.0,1.0,0.07064676616915423,0.32986217457886674,0.0,0.0009812050856826977,False,True,False,False,False,True,False,False,0,0
1.0,1.0,0.0,0.0,0.2777777777777778,1.0,1.0,0.5,0.0,0.0,1.0,0.0,1.0,1.0,0.0,1.0,0.6666666666666666,0.7990049751243783,0.21500765696784072,1.0,0.22194582642343844,True,False,False,False,True,False,False,False,1,1
1.0,0.0,0.0,0.0,0.4861111111111111,1.0,0.0,0.0,1.0,1.0,1.0,0.0,0.0,0.0,0.5,0.0,1.0,0.42736318407960217,0.25344563552833077,0.0,0.20774599226091772,False,True,False,False,False,True,False,False,0,0
1.0,0.0,0.0,0.0,0.08333333333333333,1.0,0.0,0.0,0.0,0.0,1.0,0.0,1.0,0.0,0.0,0.0,1.0,0.42437810945273635,0.5413476263399694,0.0,0.035364842454394696,False,False,True,False,False,False,True,False,0,0
0.0,0.0,1.0,1.0,1.0,1.0,1.0,0.0,1.0,1.0,0.0,1.0,1.0,0.0,1.0,0.0,1.0,0.5601990049751244,0.6908116385911179,0.0,0.5601990049751244,False,False,True,False,False,False,True,False,0,0
0.0,0.0,0.0,0.0,0.18055555555555555,1.0,0.0,1.0,0.5,0.5,0.5,0.5,0.5,0.5,0.5,0.0,0.6666666666666666,0.013930348258706458,0.32006125574272587,0.0,0.0025152017689331102,False,True,False,False,False,True,False,False,0,0
0.0,1.0,0.0,0.0,0.05555555555555555,1.0,1.0,0.0,0.0,0.0,0.0,0.0,0.0,0.0,0.0,0.0,1.0,0.3034825870646767,0.2032159264931087,0.0,0.01686014372581537,True,False,False,False,True,False,False,False,0,0
1.0,0.0,1.0,1.0,0.875,1.0,0.0,1.0,0.5,0.5,0.5,0.5,0.5,0.5,1.0,1.0,1.0,0.008955223880596998,0.05038284839203675,0.0,0.007835820895522374,True,False,False,False,True,False,False,False,0,0
1.0,0.0,1.0,0.0,0.9583333333333333,1.0,0.0,0.0,1.0,1.0,1.0,1.0,1.0,1.0,1.0,1.0,1.0,0.6611940298507464,0.7390505359877488,0.0,0.6336442786069653,False,False,True,False,False,False,True,False,0,0
0.0,0.0,0.0,0.0,0.041666666666666664,0.0,0.5,0.0,1.0,0.0,0.0,1.0,0.0,0.0,0.0,0.0,1.0,0.1592039800995025,0.10872894333843798,1.0,0.006633499170812605,True,False,False,False,True,False,False,False,1,1
0.0,1.0,1.0,0.0,0.986111111111111,1.0,1.0,0.5,1.0,0.0,0.0,0.0,0.0,0.0,1.0,1.0,0.3333333333333333,0.6213930348258707,0.7179173047473201,0.0,0.6127625760088447,False,False,True,False,False,False,True,False,0,0
1.0,0.0,1.0,0.0,0.20833333333333331,1.0,0.0,1.0,0.5,0.5,0.5,0.5,0.5,0.5,0.0,1.0,0.3333333333333333,0.011940298507462675,0.4514548238897397,0.0,0.0024875621890547237,False,True,False,False,False,True,False,False,0,0
0.0,0.0,1.0,1.0,0.41666666666666663,1.0,0.0,1.0,0.5,0.5,0.5,0.5,0.5,0.5,1.0,0.0,1.0,0.01442786069651739,0.7511485451761102,0.0,0.006011608623548912,False,False,False,True,False,False,False,True,0,0
0.0,0.0,0.0,0.0,0.3194444444444444,1.0,0.0,0.5,0.0,1.0,1.0,1.0,0.0,0.0,0.0,0.0,0.0,0.646268656716418,0.2551301684532925,0.0,0.2064469320066335,False,True,False,False,False,True,False,False,0,0
1.0,1.0,1.0,0.0,0.125,1.0,0.0,1.0,0.5,0.5,0.5,0.5,0.5,0.5,0.5,0.0,0.3333333333333333,0.01592039800995027,0.2114854517611026,0.0,0.0019900497512437836,True,False,False,False,True,False,False,False,0,0
1.0,0.0,0.0,0.0,0.4861111111111111,1.0,0.0,1.0,0.5,0.5,0.5,0.5,0.5,0.5,0.5,1.0,1.0,0.008955223880596998,0.7874425727411944,0.0,0.004353233830845763,False,False,False,True,False,False,False,True,0,0
0.0,0.0,1.0,1.0,0.08333333333333333,1.0,0.0,0.0,0.0,0.0,0.0,0.0,1.0,0.0,0.0,0.0,0.6666666666666666,0.364179104477612,0.4709035222052067,0.0,0.030348258706467665,False,True,False,False,False,True,False,False,0,0
0.0,0.0,0.0,0.0,0.013888888888888888,1.0,1.0,0.5,0.0,0.0,0.0,0.0,0.0,0.0,0.0,1.0,1.0,0.5651741293532339,0.8831546707503828,1.0,0.007849640685461581,False,False,False,True,False,False,False,True,1,1
0.0,0.0,1.0,1.0,1.0,1.0,1.0,1.0,0.5,0.5,0.5,0.5,0.5,0.5,1.0,0.0,0.0,0.06815920398009952,0.21807044410413476,0.0,0.06815920398009952,True,False,False,False,True,False,False,False,0,0
1.0,0.0,1.0,1.0,0.625,1.0,0.0,0.0,1.0,1.0,1.0,1.0,1.0,1.0,1.0,1.0,1.0,0.6577114427860696,0.5055130168453292,0.0,0.4110696517412935,False,False,True,False,False,False,True,False,0,0
1.0,0.0,1.0,1.0,0.09722222222222221,1.0,0.0,0.5,0.0,1.0,0.0,1.0,1.0,0.0,0.0,1.0,0.6666666666666666,0.7114427860696518,0.7611026033690659,1.0,0.06916804864566059,False,False,False,True,False,False,False,True,1,1
1.0,0.0,0.0,0.0,0.9722222222222222,0.0,0.5,0.0,1.0,0.0,1.0,1.0,0.0,1.0,1.0,0.0,0.0,0.30000000000000004,0.4568147013782542,0.0,0.2916666666666667,False,True,False,False,False,True,False,False,0,0
1.0,0.0,1.0,0.0,0.736111111111111,1.0,0.0,1.0,0.5,0.5,0.5,0.5,0.5,0.5,1.0,0.0,0.3333333333333333,0.016417910447761173,0.03246554364471669,0.0,0.012085406301824196,True,False,False,False,True,False,False,False,0,0
1.0,0.0,0.0,0.0,0.05555555555555555,1.0,1.0,0.0,0.0,0.0,0.0,0.0,0.0,0.0,0.0,0.0,0.3333333333333333,0.3333333333333334,0.25053598774885144,1.0,0.01851851851851852,False,True,False,False,False,True,False,False,1,1
0.0,0.0,1.0,0.0,1.0,1.0,1.0,0.0,1.0,1.0,1.0,1.0,1.0,1.0,1.0,1.0,0.6666666666666666,0.737810945273632,0.8218989280245023,0.0,0.737810945273632,False,False,False,True,False,False,False,True,0,0
1.0,0.0,1.0,1.0,1.0,0.0,0.5,0.0,1.0,1.0,1.0,1.0,0.0,0.0,1.0,0.0,0.3333333333333333,0.2686567164179105,0.41761102603369066,0.0,0.2686567164179105,False,True,False,False,False,True,False,False,0,0
1.0,1.0,1.0,0.0,0.2361111111111111,1.0,1.0,0.5,0.0,0.0,0.0,0.0,1.0,1.0,0.0,1.0,0.6666666666666666,0.7616915422885574,0.1546707503828484,0.0,0.17984383637368717,True,False,False,False,True,False,False,False,0,0
0.0,0.0,0.0,0.0,0.09722222222222221,1.0,0.0,0.5,0.0,0.0,0.0,0.0,0.0,0.0,0.0,1.0,0.0,0.5134328358208956,0.6627871362940275,0.0,0.04991708126036484,False,False,True,False,False,False,True,False,0,0
0.0,0.0,0.0,1.0,0.15277777777777776,1.0,0.0,1.0,0.5,0.5,0.5,0.5,0.5,0.5,0.0,0.0,0.3333333333333333,0.018407960199004984,0.28223583460949464,1.0,0.002812327252625761,False,True,False,False,False,True,False,False,1,1
0.0,0.0,0.0,0.0,0.027777777777777776,1.0,1.0,0.5,0.0,0.0,0.0,0.0,0.0,0.0,0.0,0.0,0.3333333333333333,0.5636815920398012,0.13231240428790197,1.0,0.015657822001105586,True,False,False,False,True,False,False,False,1,1
0.0,0.0,0.0,0.0,1.0,1.0,0.0,0.5,1.0,1.0,1.0,1.0,1.0,1.0,1.0,1.0,0.6666666666666666,0.9119402985074628,0.8943338437978561,0.0,0.9119402985074628,False,False,False,True,False,False,False,True,0,0
1.0,0.0,0.0,1.0,0.15277777777777776,1.0,1.0,0.5,0.0,0.0,1.0,0.0,0.0,0.0,0.0,1.0,1.0,0.5945273631840797,0.9520673813169984,0.0,0.0908305693753455,False,False,False,True,False,False,False,True,0,0
1.0,1.0,0.0,0.0,0.06944444444444445,1.0,0.0,0.5,0.0,0.0,0.0,0.0,1.0,1.0,0.0,1.0,0.6666666666666666,0.727860696517413,0.5828483920367534,1.0,0.050545881702598126,False,False,True,False,False,False,True,False,1,1
1.0,1.0,1.0,0.0,0.05555555555555555,1.0,1.0,0.5,0.0,0.0,0.0,0.0,0.0,0.0,0.0,0.0,0.6666666666666666,0.5641791044776121,0.40949464012251147,1.0,0.03134328358208956,False,True,False,False,False,True,False,False,1,1
1.0,0.0,1.0,0.0,0.41666666666666663,1.0,0.0,0.0,0.0,0.0,1.0,0.0,0.0,0.0,0.0,1.0,1.0,0.3159203980099503,0.133843797856049,0.0,0.13163349917081263,True,False,False,False,True,False,False,False,0,0
0.0,0.0,1.0,1.0,0.15277777777777776,1.0,0.0,1.0,0.5,0.5,0.5,0.5,0.5,0.5,1.0,0.0,0.3333333333333333,0.026368159203980092,0.2529862174578867,0.0,0.004028468767274736,False,True,False,False,False,True,False,False,0,0
1.0,0.0,1.0,0.0,0.2361111111111111,0.0,0.5,0.0,0.0,1.0,0.0,0.0,1.0,1.0,0.0,1.0,1.0,0.31393034825870647,0.9436447166921899,0.0,0.07412244333886125,False,False,False,True,False,False,False,True,0,0
0.0,1.0,0.0,0.0,0.4722222222222222,0.0,0.5,0.0,0.0,1.0,1.0,0.0,1.0,1.0,0.0,1.0,0.6666666666666666,0.37810945273631846,0.19770290964777948,0.0,0.1785516860143726,True,False,False,False,True,False,False,False,0,0
0.0,1.0,0.0,0.0,0.027777777777777776,0.0,0.5,0.0,0.0,0.0,1.0,0.0,0.0,0.0,0.0,1.0,0.6666666666666666,0.1208955223880597,0.9052067381316998,1.0,0.0033582089552238806,False,False,False,True,False,False,False,True,1,1
1.0,0.0,0.0,1.0,0.7638888888888888,1.0,0.0,1.0,0.5,0.5,0.5,0.5,0.5,0.5,0.5,0.0,0.0,0.008457711442786066,0.001225114854517611,0.0,0.006460751796572689,True,False,False,False,True,False,False,False,0,0
0.0,1.0,0.0,0.0,0.06944444444444445,1.0,0.0,0.0,1.0,1.0,0.0,1.0,0.0,0.0,0.0,0.0,0.3333333333333333,0.4144278606965175,0.37947932618683,0.0,0.028779712548369273,False,True,False,False,False,True,False,False,0,0
0.0,0.0,1.0,1.0,0.15277777777777776,1.0,0.0,1.0,0.5,0.5,0.5,0.5,0.5,0.5,0.5,1.0,1.0,0.017412935323383064,0.23950995405819295,0.0,0.0026603095632946345,True,False,False,False,True,False,False,False,0,0
0.0,0.0,0.0,1.0,0.013888888888888888,1.0,0.0,0.5,0.0,0.0,0.0,0.0,0.0,1.0,0.0,1.0,0.6666666666666666,0.6104477611940299,0.9142419601837672,1.0,0.00847844112769486,False,False,False,True,False,False,False,True,1,1
0.0,0.0,1.0,0.0,0.9722222222222222,1.0,0.0,1.0,0.5,0.5,0.5,0.5,0.5,0.5,1.0,0.0,0.0,0.011940298507462675,0.08545176110260337,0.0,0.011608623548922045,True,False,False,False,True,False,False,False,0,0
1.0,1.0,0.0,0.0,0.027777777777777776,1.0,1.0,0.5,0.0,0.0,0.0,0.0,0.0,0.0,0.0,1.0,1.0,0.5631840796019901,0.15421133231240428,1.0,0.01564400221116639,True,False,False,False,True,False,False,False,1,1
0.0,0.0,0.0,0.0,0.09722222222222221,1.0,1.0,0.5,0.0,0.0,0.0,0.0,0.0,0.0,0.0,1.0,0.6666666666666666,0.5532338308457712,0.6594180704441042,1.0,0.05378662244333886,False,False,True,False,False,False,True,False,1,1
1.0,0.0,0.0,0.0,0.4861111111111111,1.0,0.0,1.0,0.5,0.5,0.5,0.5,0.5,0.5,1.0,1.0,1.0,0.019402985074626847,0.8267993874425728,0.0,0.009432006633499163,False,False,False,True,False,False,False,True,0,0
0.0,0.0,0.0,0.0,0.8055555555555555,1.0,1.0,0.0,1.0,1.0,1.0,1.0,0.0,0.0,0.5,1.0,0.3333333333333333,0.5258706467661692,0.5595712098009188,0.0,0.4236180210060807,False,False,True,False,False,False,True,False,0,0
0.0,0.0,1.0,1.0,1.0,1.0,1.0,0.5,0.0,1.0,1.0,1.0,1.0,1.0,1.0,1.0,0.0,0.9049751243781098,0.8996937212863706,0.0,0.9049751243781098,False,False,False,True,False,False,False,True,0,0
1.0,0.0,1.0,1.0,0.9444444444444444,1.0,0.0,0.0,1.0,1.0,1.0,1.0,0.0,0.0,1.0,0.0,0.3333333333333333,0.4417910447761195,0.5687595712098009,0.0,0.41724709784411285,False,False,True,False,False,False,True,False,0,0
1.0,0.0,0.0,0.0,0.3611111111111111,1.0,0.0,0.0,0.0,0.0,0.0,1.0,1.0,0.0,0.5,0.0,0.3333333333333333,0.409950248756219,0.14104134762633996,0.0,0.14803758982863463,True,False,False,False,True,False,False,False,0,0
0.0,0.0,0.0,0.0,0.16666666666666666,1.0,0.0,0.0,0.0,0.0,0.0,0.0,0.0,0.0,0.0,1.0,0.6666666666666666,0.26666666666666666,0.6709035222052068,0.0,0.04444444444444444,False,False,True,False,False,False,True,False,0,0
1.0,0.0,1.0,1.0,0.3472222222222222,1.0,1.0,0.0,0.0,0.0,0.0,0.0,1.0,0.0,0.0,0.0,0.6666666666666666,0.418905472636816,0.11332312404287902,0.0,0.14545328911000555,True,False,False,False,True,False,False,False,0,0
1.0,1.0,1.0,1.0,1.0,1.0,1.0,0.5,1.0,1.0,1.0,1.0,1.0,1.0,1.0,1.0,0.0,0.9621890547263684,0.933843797856049,0.0,0.9621890547263684,False,False,False,True,False,False,False,True,0,0
1.0,0.0,0.0,1.0,0.9722222222222222,1.0,1.0,0.5,1.0,1.0,1.0,1.0,1.0,1.0,1.0,1.0,0.6666666666666666,0.9587064676616918,0.9119448698315467,0.0,0.932075732448867,False,False,False,True,False,False,False,True,0,0
1.0,1.0,0.0,1.0,0.013888888888888888,1.0,0.0,0.0,0.0,0.0,1.0,0.0,0.0,0.0,0.0,1.0,1.0,0.3174129353233831,0.647166921898928,1.0,0.0044085129906025426,False,False,True,False,False,False,True,False,1,1
1.0,0.0,0.0,0.0,0.3611111111111111,1.0,1.0,0.5,1.0,1.0,0.0,0.0,0.0,0.0,0.0,1.0,0.3333333333333333,0.6805970149253733,0.28162327718223584,0.0,0.24577114427860702,False,True,False,False,False,True,False,False,0,0
0.0,0.0,1.0,1.0,0.027777777777777776,1.0,0.0,0.0,0.0,0.0,0.0,0.0,1.0,1.0,0.0,0.0,1.0,0.47213930348258715,0.09448698315467075,1.0,0.013114980652294087,True,False,False,False,True,False,False,False,1,1
0.0,0.0,1.0,1.0,0.38888888888888884,1.0,0.0,1.0,0.5,0.5,0.5,0.5,0.5,0.5,0.5,0.0,1.0,0.016417910447761173,0.6903522205206738,0.0,0.006384742951907122,False,False,True,False,False,False,True,False,0,0
0.0,0.0,1.0,1.0,0.08333333333333333,1.0,0.0,1.0,0.5,0.5,0.5,0.5,0.5,0.5,0.0,0.0,1.0,0.01592039800995027,0.053905053598774885,0.0,0.0013266998341625222,True,False,False,False,True,False,False,False,0,0
0.0,0.0,1.0,1.0,0.8055555555555555,0.0,0.5,0.0,1.0,0.0,1.0,1.0,1.0,1.0,1.0,0.0,1.0,0.4129353233830847,0.4796324655436447,0.0,0.33264234383637376,False,True,False,False,False,True,False,False,0,0
0.0,1.0,1.0,0.0,0.40277777777777773,0.0,0.5,0.0,1.0,0.0,1.0,0.0,0.0,1.0,0.0,1.0,0.6666666666666666,0.2661691542288558,0.06370597243491577,0.0,0.10720702045328913,True,False,False,False,True,False,False,False,0,0
1.0,0.0,0.0,0.0,0.2222222222222222,1.0,1.0,0.0,0.0,1.0,1.0,0.0,0.0,1.0,0.0,1.0,0.0,0.5288557213930349,0.05926493108728943,0.0,0.11752349364289665,True,False,False,False,True,False,False,False,0,0
1.0,1.0,1.0,0.0,0.5972222222222222,1.0,1.0,0.5,0.0,1.0,0.0,0.0,1.0,1.0,0.0,1.0,0.6666666666666666,0.8233830845771147,0.5704441041347627,1.0,0.4917426755113324,False,False,True,False,False,False,True,False,1,1
1.0,0.0,1.0,0.0,0.7222222222222222,1.0,0.0,0.0,1.0,1.0,0.0,0.0,1.0,1.0,0.5,1.0,1.0,0.5686567164179106,0.5061255742725881,0.0,0.41069651741293545,False,False,True,False,False,False,True,False,0,0
0.0,0.0,1.0,1.0,1.0,1.0,1.0,0.5,1.0,1.0,1.0,1.0,1.0,1.0,1.0,1.0,0.0,1.0,0.95895865237366,0.0,1.0,False,False,False,True,False,False,False,True,0,0
1.0,0.0,1.0,1.0,0.986111111111111,1.0,0.0,1.0,0.5,0.5,0.5,0.5,0.5,0.5,1.0,0.0,1.0,0.011940298507462675,0.10459418070444104,0.0,0.011774461028192358,True,False,False,False,True,False,False,False,0,0
1.0,0.0,1.0,0.0,0.9027777777777777,1.0,0.0,1.0,0.5,0.5,0.5,0.5,0.5,0.5,1.0,1.0,0.3333333333333333,0.02139303482587063,0.11638591117917305,0.0,0.019313156440022097,True,False,False,False,True,False,False,False,0,0
0.0,0.0,0.0,0.0,0.6805555555555555,1.0,1.0,0.5,0.0,0.0,0.0,0.0,0.0,1.0,0.0,1.0,0.6666666666666666,0.6592039800995025,0.5127105666156202,0.0,0.44862493090105027,False,False,True,False,False,False,True,False,0,0
1.0,0.0,0.0,0.0,0.7222222222222222,1.0,0.0,0.5,0.0,0.0,1.0,0.0,0.0,1.0,0.0,1.0,0.3333333333333333,0.6522388059701493,0.5644716692189893,0.0,0.47106135986733,False,False,True,False,False,False,True,False,0,0
1.0,0.0,0.0,0.0,0.027777777777777776,1.0,0.0,1.0,0.5,0.5,0.5,0.5,0.5,0.5,0.0,0.0,1.0,0.0208955223880597,0.4381316998468606,1.0,0.0005804311774461027,False,True,False,False,False,True,False,False,1,1
1.0,0.0,1.0,1.0,0.986111111111111,1.0,0.0,0.5,1.0,1.0,1.0,1.0,1.0,1.0,1.0,0.0,0.3333333333333333,0.9059701492537314,0.9038284839203675,0.0,0.8933872305140962,False,False,False,True,False,False,False,True,0,0
1.0,0.0,0.0,0.0,0.75,1.0,1.0,0.5,0.0,0.0,1.0,0.0,0.0,1.0,0.0,0.0,0.3333333333333333,0.7079601990049753,0.6295558958652373,0.0,0.5309701492537315,False,False,True,False,False,False,True,False,0,0
0.0,0.0,1.0,1.0,0.20833333333333331,1.0,0.0,0.0,0.0,1.0,1.0,1.0,1.0,1.0,0.0,0.0,0.0,0.5796019900497513,0.0447166921898928,0.0,0.12075041459369819,True,False,False,False,True,False,False,False,0,0
1.0,0.0,0.0,0.0,0.125,0.0,0.5,0.0,0.0,0.0,0.0,0.0,0.0,0.0,0.0,1.0,1.0,0.06318407960199006,0.22894333843797857,0.0,0.007898009950248757,True,False,False,False,True,False,False,False,0,0
1.0,1.0,1.0,0.0,0.6944444444444444,1.0,1.0,0.5,1.0,0.0,1.0,0.0,1.0,1.0,1.0,1.0,0.3333333333333333,0.8636815920398012,0.6641653905053598,0.0,0.5997788833609731,False,False,True,False,False,False,True,False,0,0
1.0,0.0,1.0,1.0,0.2638888888888889,1.0,1.0,0.5,0.0,0.0,0.0,0.0,0.0,1.0,0.0,1.0,0.6666666666666666,0.6507462686567166,0.13169984686064318,1.0,0.17172470978441132,True,False,False,False,True,False,False,False,1,1
0.0,1.0,1.0,0.0,0.9722222222222222,1.0,1.0,0.5,0.0,1.0,0.0,1.0,1.0,1.0,1.0,1.0,0.0,0.8577114427860698,0.8719754977029096,0.0,0.8338861249309012,False,False,False,True,False,False,False,True,0,0
0.0,1.0,1.0,0.0,1.0,1.0,1.0,0.5,1.0,1.0,0.0,0.0,1.0,1.0,0.5,1.0,0.0,0.8815920398009952,0.896937212863706,0.0,0.8815920398009952,False,False,False,True,False,False,False,True,0,0
1.0,1.0,1.0,0.0,0.7222222222222222,1.0,1.0,0.5,0.0,1.0,1.0,0.0,1.0,1.0,0.5,1.0,0.0,0.864179104477612,0.685604900459418,0.0,0.6241293532338309,False,False,True,False,False,False,True,False,0,0
0.0,0.0,1.0,1.0,0.20833333333333331,1.0,0.0,0.0,0.0,0.0,0.0,0.0,0.0,0.0,0.0,0.0,0.6666666666666666,0.2791044776119403,0.7888208269525268,0.0,0.05814676616915422,False,False,False,True,False,False,False,True,0,0
0.0,0.0,1.0,1.0,1.0,1.0,1.0,0.0,0.0,0.0,1.0,0.0,1.0,1.0,1.0,1.0,0.0,0.582587064676617,0.6952526799387443,0.0,0.582587064676617,False,False,True,False,False,False,True,False,0,0
1.0,1.0,0.0,0.0,0.041666666666666664,1.0,1.0,0.5,0.0,1.0,0.0,0.0,0.0,0.0,0.0,1.0,0.6666666666666666,0.6278606965174129,0.3009188361408882,1.0,0.026160862354892206,False,True,False,False,False,True,False,False,1,1
1.0,0.0,0.0,0.0,0.8055555555555555,1.0,0.0,0.5,1.0,1.0,0.0,0.0,1.0,1.0,0.5,0.0,0.0,0.8049751243781097,0.7234303215926493,0.0,0.6484521835268106,False,False,True,False,False,False,True,False,0,0
0.0,0.0,0.0,0.0,0.013888888888888888,1.0,0.0,1.0,0.5,0.5,0.5,0.5,0.5,0.5,0.0,1.0,1.0,0.0208955223880597,0.2470137825421133,0.0,0.00029021558872305135,False,True,False,False,False,True,False,False,0,0
1.0,0.0,1.0,0.0,0.4861111111111111,1.0,1.0,0.5,0.0,0.0,0.0,1.0,0.0,1.0,0.0,1.0,0.0,0.7124378109452737,0.42021439509954056,0.0,0.3463239358761747,False,True,False,False,False,True,False,False,0,0
0.0,0.0,1.0,1.0,0.6944444444444444,1.0,1.0,0.5,0.0,0.0,0.0,0.0,1.0,0.0,0.0,1.0,0.0,0.6582089552238808,0.5372128637059724,1.0,0.4570895522388061,False,False,True,False,False,False,True,False,1,1
1.0,0.0,1.0,0.0,0.5694444444444444,1.0,0.0,1.0,0.5,0.5,0.5,0.5,0.5,0.5,1.0,1.0,0.6666666666666666,0.01492537313432835,0.967687595712098,0.0,0.008499170812603643,False,False,False,True,False,False,False,True,0,0
1.0,0.0,1.0,1.0,1.0,1.0,1.0,0.0,1.0,1.0,1.0,0.0,0.0,0.0,1.0,0.0,0.3333333333333333,0.4597014925373135,0.6119448698315467,0.0,0.4597014925373135,False,False,True,False,False,False,True,False,0,0
0.0,0.0,0.0,0.0,0.41666666666666663,1.0,1.0,0.0,0.0,1.0,1.0,0.0,1.0,0.0,0.5,1.0,0.3333333333333333,0.5044776119402986,0.255895865237366,0.0,0.2101990049751244,False,True,False,False,False,True,False,False,0,0
0.0,0.0,1.0,1.0,0.027777777777777776,0.0,0.5,0.0,0.0,0.0,0.0,0.0,0.0,0.0,0.0,1.0,1.0,0.06119402985074625,0.4768759571209801,1.0,0.001699834162520729,False,True,False,False,False,True,False,False,1,1
1.0,0.0,0.0,0.0,0.20833333333333331,0.0,0.5,0.0,0.0,0.0,0.0,1.0,0.0,0.0,0.0,1.0,0.6666666666666666,0.11393034825870649,0.5696784073506891,1.0,0.02373548922056385,False,False,True,False,False,False,True,False,1,1
1.0,0.0,1.0,1.0,0.5138888888888888,1.0,0.0,0.0,1.0,0.0,1.0,1.0,0.0,0.0,0.5,1.0,1.0,0.4029850746268657,0.28085758039816233,0.0,0.20708955223880599,False,True,False,False,False,True,False,False,0,0
1.0,0.0,1.0,1.0,1.0,1.0,0.0,0.0,0.0,1.0,1.0,0.0,1.0,1.0,1.0,1.0,0.0,0.5686567164179106,0.6964777947932619,0.0,0.5686567164179106,False,False,True,False,False,False,True,False,0,0
1.0,0.0,1.0,1.0,1.0,1.0,1.0,1.0,0.5,0.5,0.5,0.5,0.5,0.5,1.0,0.0,0.0,0.06716417910447763,0.19096477794793262,0.0,0.06716417910447763,True,False,False,False,True,False,False,False,0,0
1.0,0.0,1.0,0.0,0.9722222222222222,1.0,1.0,0.5,1.0,1.0,1.0,1.0,1.0,1.0,1.0,0.0,0.3333333333333333,0.955721393034826,0.9356814701378254,0.0,0.9291735765616363,False,False,False,True,False,False,False,True,0,0
0.0,0.0,0.0,0.0,0.013888888888888888,1.0,0.0,1.0,0.5,0.5,0.5,0.5,0.5,0.5,0.0,0.0,1.0,0.013930348258706458,0.22771822358346094,1.0,0.00019347705914870078,True,False,False,False,True,False,False,False,1,1
1.0,0.0,1.0,0.0,0.3194444444444444,1.0,1.0,0.5,0.0,1.0,1.0,0.0,0.0,0.0,0.0,0.0,0.6666666666666666,0.6567164179104479,0.24058192955589586,0.0,0.2097844112769486,True,False,False,False,True,False,False,False,0,0
0.0,0.0,0.0,0.0,0.1111111111111111,1.0,1.0,0.5,0.0,0.0,0.0,0.0,0.0,0.0,0.0,1.0,0.3333333333333333,0.5606965174129354,0.6963246554364472,0.0,0.062299613045881705,False,False,True,False,False,False,True,False,0,0
1.0,0.0,0.0,0.0,0.027777777777777776,1.0,0.0,0.0,0.0,0.0,0.0,0.0,0.0,0.0,0.0,1.0,0.3333333333333333,0.27611940298507465,0.9454823889739663,1.0,0.007669983416252073,False,False,False,True,False,False,False,True,1,1
0.0,0.0,1.0,1.0,0.3611111111111111,0.0,0.5,0.0,1.0,1.0,0.0,1.0,0.0,0.0,0.0,0.0,0.3333333333333333,0.2049751243781095,0.008422664624808576,0.0,0.07401879491431732,True,False,False,False,True,False,False,False,0,0
1.0,0.0,0.0,1.0,0.7222222222222222,1.0,0.0,1.0,0.5,0.5,0.5,0.5,0.5,0.5,0.5,0.0,0.3333333333333333,0.013930348258706458,0.977947932618683,0.0,0.010060807075732441,False,False,False,True,False,False,False,True,0,0
0.0,0.0,1.0,1.0,0.3194444444444444,0.0,0.5,0.0,1.0,0.0,0.0,1.0,0.0,0.0,1.0,0.0,1.0,0.16268656716417915,0.9307810107197549,0.0,0.051969320066335,False,False,False,True,False,False,False,True,0,0
0.0,0.0,0.0,0.0,0.20833333333333331,1.0,0.0,0.5,1.0,1.0,0.0,0.0,1.0,1.0,0.0,1.0,0.3333333333333333,0.8044776119402987,0.12082695252679938,1.0,0.1675995024875622,True,False,False,False,True,False,False,False,1,1
1.0,0.0,1.0,0.0,0.5555555555555556,1.0,0.0,0.0,0.0,1.0,0.0,0.0,0.0,0.0,0.0,1.0,1.0,0.3174129353233831,0.2578866768759571,0.0,0.17634051962410174,False,True,False,False,False,True,False,False,0,0
1.0,0.0,0.0,0.0,0.375,1.0,1.0,0.0,0.0,0.0,1.0,1.0,0.0,0.0,0.0,0.0,0.6666666666666666,0.409950248756219,0.16431852986217457,0.0,0.15373134328358212,True,False,False,False,True,False,False,False,0,0
0.0,0.0,1.0,0.0,0.5138888888888888,1.0,0.0,1.0,0.5,0.5,0.5,0.5,0.5,0.5,0.0,0.0,0.0,0.012437810945273634,0.925114854517611,0.0,0.006391652846876728,False,False,False,True,False,False,False,True,0,0
1.0,0.0,0.0,0.0,0.625,1.0,0.0,0.5,1.0,1.0,1.0,1.0,1.0,1.0,0.5,0.0,0.3333333333333333,0.9348258706467664,0.6526799387442572,0.0,0.584266169154229,False,False,True,False,False,False,True,False,0,0
0.0,0.0,1.0,0.0,0.06944444444444445,1.0,0.0,0.5,0.0,0.0,0.0,0.0,0.0,0.0,0.0,0.0,0.6666666666666666,0.5144278606965176,0.4387442572741194,1.0,0.03572415699281372,False,True,False,False,False,True,False,False,1,1
0.0,0.0,1.0,0.0,0.986111111111111,1.0,1.0,1.0,0.5,0.5,0.5,0.5,0.5,0.5,1.0,0.0,1.0,0.055721393034825886,0.17718223583460949,0.0,0.054947484798231076,True,False,False,False,True,False,False,False,0,0
1.0,0.0,0.0,0.0,0.05555555555555555,1.0,0.0,0.0,0.0,0.0,0.0,0.0,0.0,1.0,0.0,0.0,0.6666666666666666,0.3587064676616915,0.23767228177641653,1.0,0.019928137092316195,True,False,False,False,True,False,False,False,1,1
0.0,0.0,1.0,1.0,0.5277777777777778,1.0,0.0,1.0,0.5,0.5,0.5,0.5,0.5,0.5,1.0,1.0,1.0,0.019402985074626847,0.8808575803981623,0.0,0.010240464344941948,False,False,False,True,False,False,False,True,0,0
1.0,0.0,0.0,1.0,0.041666666666666664,1.0,0.0,0.0,1.0,0.0,1.0,0.0,0.0,0.0,0.0,0.0,1.0,0.3746268656716418,0.1560490045941807,0.0,0.015609452736318407,True,False,False,False,True,False,False,False,0,0
1.0,0.0,0.0,0.0,0.2361111111111111,1.0,0.0,1.0,0.5,0.5,0.5,0.5,0.5,0.5,1.0,0.0,1.0,0.008955223880596998,0.4546707503828484,0.0,0.0021144278606965135,False,True,False,False,False,True,False,False,0,0
1.0,0.0,1.0,1.0,0.9722222222222222,1.0,1.0,0.0,1.0,1.0,1.0,1.0,1.0,1.0,1.0,1.0,0.3333333333333333,0.7154228855721394,0.774885145482389,0.0,0.69555002763958,False,False,False,True,False,False,False,True,0,0
1.0,0.0,0.0,0.0,0.013888888888888888,1.0,0.0,0.0,0.0,0.0,0.0,0.0,0.0,0.0,0.0,1.0,1.0,0.26517412935323387,0.5741194486983154,0.0,0.0036829740187949147,False,False,True,False,False,False,True,False,0,0
0.0,0.0,1.0,1.0,0.986111111111111,1.0,1.0,0.5,1.0,1.0,1.0,0.0,1.0,0.0,1.0,0.0,0.0,0.8184079601990052,0.8474732006125574,0.0,0.807041182974019,False,False,False,True,False,False,False,True,0,0
1.0,0.0,0.0,0.0,0.5138888888888888,1.0,1.0,0.5,1.0,0.0,0.0,0.0,1.0,0.0,0.0,1.0,0.6666666666666666,0.7253731343283584,0.44777947932618684,0.0,0.3727611940298508,False,True,False,False,False,True,False,False,0,0
1.0,0.0,1.0,0.0,0.8888888888888888,1.0,1.0,0.0,0.0,1.0,0.0,1.0,0.0,1.0,0.5,1.0,1.0,0.5164179104477613,0.5819295558958653,0.0,0.45903814262023224,False,False,True,False,False,False,True,False,0,0
0.0,1.0,1.0,0.0,0.5138888888888888,1.0,0.0,0.5,0.0,0.0,1.0,1.0,1.0,0.0,0.0,0.0,0.6666666666666666,0.7139303482587066,0.44839203675344563,0.0,0.3668808734107242,False,True,False,False,False,True,False,False,0,0
1.0,0.0,1.0,1.0,0.9027777777777777,1.0,1.0,0.5,1.0,0.0,1.0,1.0,1.0,1.0,1.0,0.0,0.0,0.8995024875621892,0.8378254211332312,1.0,0.8120508568269763,False,False,False,True,False,False,False,True,1,1
0.0,0.0,0.0,1.0,0.3194444444444444,1.0,0.0,0.0,0.0,0.0,0.0,1.0,0.0,0.0,0.5,1.0,0.6666666666666666,0.3104477611940299,0.034762633996937214,0.0,0.09917081260364843,True,False,False,False,True,False,False,False,0,0
0.0,0.0,1.0,0.0,0.3055555555555555,1.0,1.0,0.0,1.0,0.0,0.0,1.0,1.0,1.0,0.0,1.0,0.6666666666666666,0.6064676616915424,0.19295558958652373,1.0,0.18530956329463794,True,False,False,False,True,False,False,False,1,1
0.0,1.0,1.0,0.0,0.3611111111111111,1.0,0.0,0.0,0.0,0.0,1.0,0.0,0.0,1.0,0.5,0.0,1.0,0.4223880597014926,0.16140888208269524,0.0,0.15252902155887232,True,False,False,False,True,False,False,False,0,0
0.0,0.0,0.0,0.0,0.3472222222222222,1.0,0.0,0.5,1.0,1.0,0.0,0.0,0.0,0.0,0.0,1.0,0.0,0.6129353233830847,0.2516079632465544,1.0,0.21282476506357106,False,True,False,False,False,True,False,False,1,1
0.0,0.0,1.0,0.0,0.8333333333333333,1.0,0.0,0.5,1.0,0.0,0.0,1.0,1.0,1.0,1.0,1.0,0.6666666666666666,0.7855721393034828,0.7119448698315467,0.0,0.654643449419569,False,False,True,False,False,False,True,False,0,0
0.0,0.0,0.0,0.0,0.013888888888888888,1.0,0.0,0.5,1.0,0.0,0.0,0.0,1.0,1.0,0.0,1.0,0.6666666666666666,0.7696517412935325,0.9869831546707504,1.0,0.01068960751796573,False,False,False,True,False,False,False,True,1,1
0.0,0.0,1.0,0.0,0.986111111111111,1.0,1.0,0.0,1.0,1.0,1.0,1.0,1.0,1.0,1.0,0.0,0.3333333333333333,0.7069651741293533,0.788667687595712,0.0,0.6971462133775567,False,False,False,True,False,False,False,True,0,0
0.0,1.0,0.0,0.0,0.375,1.0,1.0,0.5,0.0,0.0,0.0,0.0,0.0,1.0,0.0,1.0,0.6666666666666666,0.6666666666666667,0.29494640122511484,1.0,0.25,False,True,False,False,False,True,False,False,1,1
0.0,0.0,0.0,0.0,0.041666666666666664,1.0,0.0,0.5,0.0,0.0,0.0,0.0,1.0,1.0,0.0,1.0,0.6666666666666666,0.7084577114427861,0.313323124042879,1.0,0.029519071310116086,False,True,False,False,False,True,False,False,1,1
1.0,0.0,1.0,1.0,0.8055555555555555,1.0,1.0,0.5,0.0,1.0,0.0,1.0,1.0,0.0,0.5,1.0,0.3333333333333333,0.7606965174129355,0.6906584992343032,0.0,0.6127833056937536,False,False,True,False,False,False,True,False,0,0
0.0,0.0,0.0,0.0,0.19444444444444442,1.0,0.0,0.5,0.0,0.0,1.0,0.0,0.0,0.0,0.0,0.0,0.6666666666666666,0.5681592039800996,0.008575803981623277,1.0,0.11047540077390823,True,False,False,False,True,False,False,False,1,1
1.0,0.0,1.0,1.0,0.986111111111111,1.0,0.0,0.0,1.0,0.0,1.0,1.0,0.0,1.0,1.0,1.0,0.3333333333333333,0.5233830845771145,0.6444104134762634,0.0,0.516113875069099,False,False,True,False,False,False,True,False,0,0
0.0,0.0,1.0,1.0,0.027777777777777776,0.0,0.5,0.0,0.0,0.0,0.0,1.0,0.0,0.0,0.0,0.0,0.0,0.1074626865671642,0.573813169984686,0.0,0.002985074626865672,False,False,True,False,False,False,True,False,0,0
0.0,0.0,0.0,0.0,0.5555555555555556,1.0,0.0,1.0,0.5,0.5,0.5,0.5,0.5,0.5,1.0,1.0,0.0,0.02338308457711444,0.9370597243491577,0.0,0.012990602542841357,False,False,False,True,False,False,False,True,0,0
1.0,0.0,1.0,1.0,0.9444444444444444,1.0,1.0,1.0,0.5,0.5,0.5,0.5,0.5,0.5,1.0,0.0,0.0,0.07114427860696516,0.1666156202143951,0.0,0.06719181868435599,True,False,False,False,True,False,False,False,0,0
0.0,1.0,0.0,0.0,0.7916666666666666,1.0,1.0,0.5,1.0,0.0,1.0,1.0,0.0,1.0,1.0,0.0,0.3333333333333333,0.8263681592039803,0.7300153139356814,0.0,0.6542081260364844,False,False,True,False,False,False,True,False,0,0
0.0,0.0,0.0,0.0,0.625,1.0,1.0,0.5,0.0,0.0,1.0,1.0,0.0,0.0,0.0,1.0,0.6666666666666666,0.6865671641791046,0.5157733537519142,1.0,0.42910447761194037,False,False,True,False,False,False,True,False,1,1
1.0,0.0,1.0,1.0,0.9722222222222222,1.0,1.0,0.5,1.0,1.0,1.0,1.0,1.0,1.0,1.0,1.0,0.3333333333333333,0.9781094527363187,0.9315467075038285,0.0,0.9509397457158654,False,False,False,True,False,False,False,True,0,0
1.0,0.0,1.0,0.0,0.9444444444444444,1.0,1.0,0.5,1.0,1.0,0.0,1.0,1.0,1.0,0.0,1.0,0.6666666666666666,0.8900497512437814,0.8695252679938744,0.0,0.840602542841349,False,False,False,True,False,False,False,True,0,0
0.0,0.0,1.0,0.0,0.7222222222222222,1.0,1.0,0.5,0.0,1.0,0.0,1.0,1.0,1.0,0.0,1.0,0.3333333333333333,0.8402985074626869,0.6618683001531394,0.0,0.6068822553897183,False,False,True,False,False,False,True,False,0,0
0.0,0.0,1.0,0.0,1.0,1.0,1.0,0.5,1.0,1.0,1.0,1.0,1.0,1.0,1.0,0.0,0.6666666666666666,0.9641791044776121,0.9431852986217457,0.0,0.9641791044776121,False,False,False,True,False,False,False,True,0,0
1.0,1.0,0.0,0.0,0.3333333333333333,1.0,1.0,0.5,0.0,0.0,0.0,0.0,0.0,0.0,0.0,1.0,0.6666666666666666,0.5756218905472638,0.18575803981623276,1.0,0.1918739635157546,True,False,False,False,True,False,False,False,1,1
1.0,0.0,1.0,1.0,0.9305555555555555,1.0,0.0,0.0,1.0,0.0,1.0,1.0,0.0,0.0,1.0,1.0,0.0,0.4194029850746269,0.517457886676876,0.0,0.3902777777777778,False,False,True,False,False,False,True,False,0,0
0.0,0.0,0.0,0.0,0.9444444444444444,0.0,0.5,0.0,1.0,1.0,1.0,1.0,1.0,1.0,1.0,0.0,0.3333333333333333,0.45870646766169154,0.5918836140888208,0.0,0.4332227750138198,False,False,True,False,False,False,True,False,0,0
1.0,0.0,1.0,1.0,0.3194444444444444,1.0,0.0,1.0,0.5,0.5,0.5,0.5,0.5,0.5,1.0,0.0,0.3333333333333333,0.013432835820895526,0.5557427258805513,0.0,0.004291044776119404,False,False,True,False,False,False,True,False,0,0
1.0,0.0,1.0,0.0,0.986111111111111,0.0,0.5,0.0,0.0,1.0,0.0,0.0,1.0,1.0,1.0,0.0,0.6666666666666666,0.30945273631840803,0.4669218989280245,1.0,0.305154781647319,False,True,False,False,False,True,False,False,1,1
0.0,0.0,0.0,0.0,0.013888888888888888,0.0,0.5,0.0,0.0,0.0,0.0,0.0,0.0,0.0,0.0,0.0,1.0,0.06119402985074625,0.3122511485451761,0.0,0.0008499170812603645,False,True,False,False,False,True,False,False,0,0
0.0,0.0,1.0,1.0,0.986111111111111,1.0,0.0,1.0,0.5,0.5,0.5,0.5,0.5,0.5,1.0,0.0,0.0,0.022388059701492522,0.13920367534456354,0.0,0.02207711442786068,True,False,False,False,True,False,False,False,0,0
1.0,1.0,1.0,0.0,0.9583333333333333,1.0,1.0,0.5,1.0,0.0,1.0,1.0,1.0,1.0,0.5,1.0,1.0,0.9184079601990051,0.8929555895865237,0.0,0.8801409618573798,False,False,False,True,False,False,False,True,0,0
0.0,1.0,1.0,0.0,0.5555555555555556,1.0,0.0,0.5,0.0,1.0,0.0,1.0,1.0,1.0,0.5,1.0,0.3333333333333333,0.8054726368159206,0.5320061255742726,1.0,0.447484798231067,False,False,True,False,False,False,True,False,1,1
0.0,1.0,0.0,0.0,0.25,1.0,0.0,0.5,0.0,0.0,1.0,0.0,0.0,1.0,0.0,1.0,0.6666666666666666,0.6636815920398011,0.12603369065849923,0.0,0.1659203980099503,True,False,False,False,True,False,False,False,0,0
1.0,0.0,0.0,0.0,0.3055555555555555,1.0,1.0,0.5,0.0,0.0,0.0,0.0,1.0,1.0,0.0,1.0,0.3333333333333333,0.7601990049751246,0.2655436447166922,1.0,0.23228302929795472,False,True,False,False,False,True,False,False,1,1
1.0,0.0,1.0,1.0,0.9583333333333333,0.0,0.5,0.0,1.0,0.0,1.0,1.0,0.0,0.0,1.0,0.0,1.0,0.2074626865671642,0.3686064318529862,0.0,0.19881840796019903,False,True,False,False,False,True,False,False,0,0
0.0,1.0,0.0,0.0,0.861111111111111,1.0,1.0,0.5,0.0,0.0,0.0,0.0,1.0,0.0,0.5,0.0,0.6666666666666666,0.6587064676616916,0.6427258805513016,0.0,0.5672194582642344,False,False,True,False,False,False,True,False,0,0
0.0,0.0,0.0,0.0,0.7777777777777777,1.0,0.0,1.0,0.5,0.5,0.5,0.5,0.5,0.5,1.0,0.0,0.0,0.01442786069651739,0.015313935681470138,0.0,0.011221669430624635,True,False,False,False,True,False,False,False,0,0
0.0,0.0,0.0,0.0,0.09722222222222221,1.0,0.0,1.0,0.5,0.5,0.5,0.5,0.5,0.5,0.5,0.0,1.0,0.016417910447761173,0.1894333843797856,0.0,0.0015961857379767806,True,False,False,False,True,False,False,False,0,0
1.0,0.0,0.0,0.0,0.013888888888888888,1.0,0.0,1.0,0.5,0.5,0.5,0.5,0.5,0.5,0.0,0.0,1.0,0.006467661691542255,0.20581929555895864,0.0,8.982863460475355e-05,True,False,False,False,True,False,False,False,0,0
1.0,0.0,1.0,1.0,0.08333333333333333,1.0,0.0,1.0,0.5,0.5,0.5,0.5,0.5,0.5,0.0,0.0,1.0,0.012935323383084566,0.062174578866768755,0.0,0.0010779436152570472,True,False,False,False,True,False,False,False,0,0
1.0,0.0,0.0,0.0,0.027777777777777776,1.0,1.0,0.5,0.0,0.0,0.0,0.0,1.0,0.0,0.0,1.0,0.6666666666666666,0.6706467661691544,0.20796324655436446,1.0,0.018629076838032065,True,False,False,False,True,False,False,False,1,1
1.0,1.0,1.0,0.0,0.2222222222222222,1.0,0.0,0.0,1.0,1.0,0.0,0.0,0.0,0.0,0.0,1.0,0.0,0.3611940298507463,0.9359877488514547,0.0,0.08026533996683251,False,False,False,True,False,False,False,True,0,0
1.0,0.0,0.0,0.0,0.027777777777777776,1.0,0.0,1.0,0.5,0.5,0.5,0.5,0.5,0.5,0.0,0.0,1.0,0.01592039800995027,0.65895865237366,0.0,0.0004422332780541741,False,False,True,False,False,False,True,False,0,0
0.0,0.0,1.0,0.0,1.0,1.0,1.0,0.0,1.0,1.0,0.0,1.0,1.0,1.0,1.0,1.0,0.0,0.6781094527363185,0.7584992343032159,0.0,0.6781094527363185,False,False,False,True,False,False,False,True,0,0
0.0,0.0,1.0,1.0,0.09722222222222221,0.0,0.5,0.0,1.0,0.0,0.0,1.0,0.0,0.0,0.0,0.0,1.0,0.16318407960199002,0.3231240428790199,0.0,0.015865118850193472,False,True,False,False,False,True,False,False,0,0
0.0,0.0,1.0,1.0,0.2638888888888889,0.0,0.5,0.0,0.0,0.0,0.0,0.0,0.0,0.0,0.0,1.0,1.0,0.0656716417910448,0.5652373660030627,0.0,0.017330016583747936,False,False,True,False,False,False,True,False,0,0
0.0,0.0,1.0,0.0,0.19444444444444442,1.0,0.0,0.5,0.0,0.0,0.0,0.0,0.0,1.0,0.0,1.0,0.6666666666666666,0.5955223880597015,0.035834609494640124,0.0,0.1157960199004975,True,False,False,False,True,False,False,False,0,0
1.0,0.0,0.0,0.0,0.8888888888888888,1.0,1.0,0.5,0.0,1.0,0.0,1.0,1.0,1.0,0.5,1.0,0.3333333333333333,0.8696517412935326,0.8358346094946401,1.0,0.7730237700386956,False,False,False,True,False,False,False,True,1,1
0.0,0.0,0.0,0.0,0.3472222222222222,1.0,1.0,0.0,1.0,1.0,1.0,1.0,1.0,0.0,0.0,1.0,0.0,0.5980099502487563,0.21316998468606432,0.0,0.2076423438363737,True,False,False,False,True,False,False,False,0,0
1.0,0.0,1.0,1.0,0.9722222222222222,1.0,1.0,0.0,0.0,1.0,1.0,1.0,1.0,1.0,1.0,1.0,0.3333333333333333,0.67363184079602,0.745635528330781,0.0,0.6549198452183528,False,False,True,False,False,False,True,False,0,0
1.0,0.0,0.0,0.0,0.9166666666666666,1.0,0.0,1.0,0.5,0.5,0.5,0.5,0.5,0.5,1.0,0.0,0.0,0.010945273631840809,0.06768759571209801,0.0,0.010033167495854074,True,False,False,False,True,False,False,False,0,0
1.0,0.0,0.0,1.0,0.013888888888888888,1.0,0.0,0.5,0.0,0.0,0.0,0.0,0.0,0.0,0.0,1.0,0.6666666666666666,0.5313432835820897,0.8531393568147013,1.0,0.007379767827529023,False,False,False,True,False,False,False,True,1,1
0.0,0.0,1.0,0.0,0.736111111111111,1.0,1.0,0.5,0.0,0.0,0.0,1.0,0.0,1.0,0.5,1.0,0.6666666666666666,0.7253731343283584,0.6287901990811638,0.0,0.5339552238805971,False,False,True,False,False,False,True,False,0,0
0.0,0.0,0.0,0.0,0.08333333333333333,1.0,0.0,0.0,1.0,1.0,0.0,0.0,0.0,0.0,0.0,0.0,0.6666666666666666,0.37810945273631846,0.5098009188361409,1.0,0.03150912106135987,False,False,True,False,False,False,True,False,1,1
0.0,0.0,0.0,0.0,0.8194444444444444,1.0,0.0,0.5,0.0,0.0,1.0,0.0,1.0,1.0,1.0,0.0,0.6666666666666666,0.7716417910447763,0.716385911179173,0.0,0.6323175787728027,False,False,True,False,False,False,True,False,0,0
1.0,0.0,0.0,0.0,0.4305555555555555,1.0,0.0,0.5,0.0,1.0,0.0,1.0,0.0,0.0,0.0,1.0,0.6666666666666666,0.5990049751243782,0.31914241960183765,1.0,0.2579049198452184,False,True,False,False,False,True,False,False,1,1
1.0,0.0,0.0,0.0,0.041666666666666664,1.0,1.0,0.5,0.0,0.0,0.0,0.0,0.0,0.0,0.0,1.0,0.6666666666666666,0.5587064676616917,0.29571209800918835,1.0,0.023279436152570488,False,True,False,False,False,True,False,False,1,1
0.0,0.0,0.0,1.0,0.20833333333333331,1.0,0.0,0.5,0.0,0.0,0.0,0.0,0.0,0.0,0.0,0.0,0.0,0.5049751243781095,0.998468606431853,1.0,0.10520315091210615,False,False,False,True,False,False,False,True,1,1
1.0,0.0,0.0,0.0,0.6666666666666666,1.0,1.0,0.5,0.0,1.0,1.0,0.0,1.0,1.0,0.5,1.0,0.3333333333333333,0.8741293532338309,0.6575803981623277,1.0,0.5827529021558873,False,False,True,False,False,False,True,False,1,1
1.0,0.0,1.0,1.0,0.027777777777777776,1.0,1.0,0.0,1.0,0.0,0.0,0.0,0.0,0.0,0.0,0.0,1.0,0.3825870646766171,0.03843797856049005,1.0,0.010627418463239363,True,False,False,False,True,False,False,False,1,1
1.0,1.0,1.0,0.0,0.9722222222222222,1.0,1.0,0.5,0.0,1.0,1.0,0.0,1.0,1.0,0.0,1.0,0.6666666666666666,0.8427860696517414,0.8534456355283307,1.0,0.8193753454947486,False,False,False,True,False,False,False,True,1,1
0.0,0.0,0.0,0.0,0.027777777777777776,1.0,1.0,0.5,0.0,0.0,1.0,0.0,1.0,0.0,0.0,1.0,0.6666666666666666,0.727860696517413,0.2343032159264931,1.0,0.02021835268103925,True,False,False,False,True,False,False,False,1,1
1.0,0.0,1.0,0.0,0.6527777777777778,1.0,1.0,0.5,1.0,0.0,1.0,1.0,1.0,1.0,0.5,1.0,0.3333333333333333,0.9213930348258709,0.6758039816232772,1.0,0.6014648977335546,False,False,True,False,False,False,True,False,1,1
0.0,0.0,0.0,1.0,0.3333333333333333,1.0,0.0,1.0,0.5,0.5,0.5,0.5,0.5,0.5,0.5,0.0,0.0,0.027860696517412943,0.6802450229709035,0.0,0.009286898839137647,False,False,True,False,False,False,True,False,0,0
1.0,0.0,1.0,0.0,0.4305555555555555,1.0,0.0,0.5,0.0,0.0,1.0,0.0,1.0,1.0,0.5,1.0,0.6666666666666666,0.7517412935323384,0.3889739663093415,0.0,0.3236663902708679,False,True,False,False,False,True,False,False,0,0
0.0,0.0,0.0,0.0,0.75,1.0,1.0,0.5,0.0,1.0,1.0,1.0,1.0,1.0,0.0,0.0,0.6666666666666666,0.9238805970149254,0.7540581929555895,1.0,0.692910447761194,False,False,False,True,False,False,False,True,1,1
1.0,0.0,0.0,0.0,0.013888888888888888,1.0,0.0,0.0,0.0,0.0,1.0,1.0,0.0,0.0,0.0,0.0,1.0,0.3661691542288557,0.6981623277182235,0.0,0.005085682697622996,False,False,True,False,False,False,True,False,0,0
0.0,0.0,1.0,1.0,0.16666666666666666,0.0,0.5,0.0,1.0,0.0,0.0,1.0,0.0,0.0,0.5,0.0,0.3333333333333333,0.14825870646766168,0.5770290964777948,0.0,0.024709784411276945,False,False,True,False,False,False,True,False,0,0
0.0,0.0,0.0,0.0,0.027777777777777776,1.0,0.0,1.0,0.5,0.5,0.5,0.5,0.5,0.5,0.0,0.0,0.0,0.004975124378109431,0.6785604900459418,0.0,0.00013819789939192864,False,False,True,False,False,False,True,False,0,0
1.0,0.0,1.0,0.0,0.6666666666666666,1.0,1.0,0.0,0.0,1.0,1.0,0.0,0.0,1.0,0.5,1.0,0.3333333333333333,0.5203980099502489,0.4542113323124043,0.0,0.3469320066334992,False,True,False,False,False,True,False,False,0,0
0.0,1.0,1.0,0.0,0.013888888888888888,1.0,1.0,0.5,0.0,0.0,0.0,0.0,0.0,0.0,0.0,1.0,0.6666666666666666,0.5592039800995026,0.8759571209800918,1.0,0.007766721945826424,False,False,False,True,False,False,False,True,1,1
1.0,0.0,1.0,0.0,0.986111111111111,1.0,1.0,0.0,1.0,1.0,0.0,1.0,0.0,0.0,1.0,0.0,0.0,0.4666666666666668,0.6067381316998468,0.0,0.46018518518518525,False,False,True,False,False,False,True,False,0,0
1.0,0.0,0.0,0.0,0.013888888888888888,1.0,0.0,1.0,0.5,0.5,0.5,0.5,0.5,0.5,0.0,1.0,0.6666666666666666,0.01592039800995027,0.22833078101071974,1.0,0.00022111663902708704,True,False,False,False,True,False,False,False,1,1
1.0,0.0,0.0,1.0,0.7777777777777777,1.0,1.0,1.0,0.5,0.5,0.5,0.5,0.5,0.5,1.0,1.0,1.0,0.06517412935323384,0.11975497702909647,0.0,0.050690989496959646,True,False,False,False,True,False,False,False,0,0
1.0,0.0,0.0,0.0,0.027777777777777776,1.0,0.0,1.0,0.5,0.5,0.5,0.5,0.5,0.5,0.0,0.0,1.0,0.017910447761194024,0.43843797856049005,0.0,0.0004975124378109451,False,True,False,False,False,True,False,False,0,0
0.0,1.0,1.0,0.0,0.9166666666666666,1.0,1.0,0.0,0.0,1.0,1.0,0.0,1.0,1.0,1.0,1.0,0.0,0.6199004975124379,0.6745788667687596,1.0,0.5682421227197347,False,False,True,False,False,False,True,False,1,1
1.0,0.0,1.0,1.0,0.6944444444444444,1.0,0.0,1.0,0.5,0.5,0.5,0.5,0.5,0.5,0.5,1.0,1.0,0.0208955223880597,0.9823889739663093,0.0,0.014510779436152569,False,False,False,True,False,False,False,True,0,0
0.0,1.0,0.0,0.0,0.875,1.0,1.0,0.5,0.0,0.0,1.0,0.0,0.0,1.0,0.0,1.0,0.0,0.7099502487562189,0.7038284839203676,0.0,0.6212064676616915,False,False,True,False,False,False,True,False,0,0
1.0,0.0,0.0,0.0,0.013888888888888888,1.0,0.0,0.0,0.0,0.0,0.0,0.0,0.0,0.0,0.0,1.0,1.0,0.26666666666666666,0.5836140888208269,1.0,0.0037037037037037034,False,False,True,False,False,False,True,False,1,1
0.0,0.0,0.0,0.0,0.08333333333333333,0.0,0.5,0.0,0.0,0.0,0.0,1.0,1.0,1.0,0.5,1.0,1.0,0.3084577114427861,0.33797856049004593,0.0,0.02570480928689884,False,True,False,False,False,True,False,False,0,0
0.0,0.0,0.0,0.0,0.06944444444444445,1.0,0.0,0.0,0.0,1.0,0.0,0.0,0.0,0.0,0.0,0.0,0.0,0.3213930348258706,0.31990811638591116,0.0,0.02231896075179657,False,True,False,False,False,True,False,False,0,0
0.0,0.0,1.0,1.0,0.4861111111111111,1.0,1.0,0.0,1.0,0.0,1.0,1.0,1.0,0.0,0.0,0.0,0.6666666666666666,0.537313432835821,0.34058192955589583,1.0,0.2611940298507463,False,True,False,False,False,True,False,False,1,1
0.0,0.0,0.0,0.0,0.986111111111111,1.0,1.0,0.5,1.0,1.0,1.0,1.0,1.0,1.0,1.0,1.0,0.6666666666666666,0.9990049751243785,0.9496171516079632,0.0,0.9851299060254287,False,False,False,True,False,False,False,True,0,0
0.0,0.0,0.0,0.0,0.5833333333333333,1.0,0.0,0.0,0.0,0.0,1.0,1.0,0.0,1.0,1.0,0.0,0.3333333333333333,0.4800995024875623,0.3673813169984686,0.0,0.2800580431177446,False,True,False,False,False,True,False,False,0,0
0.0,0.0,1.0,0.0,0.8888888888888888,1.0,0.0,1.0,0.5,0.5,0.5,0.5,0.5,0.5,1.0,0.0,0.3333333333333333,0.011940298507462675,0.05834609494640122,0.0,0.010613598673300155,True,False,False,False,True,False,False,False,0,0
1.0,0.0,0.0,0.0,0.013888888888888888,1.0,0.0,0.0,1.0,0.0,0.0,0.0,0.0,0.0,0.0,1.0,0.3333333333333333,0.31393034825870647,0.6347626339969372,0.0,0.004360143725815367,False,False,True,False,False,False,True,False,0,0
1.0,0.0,0.0,0.0,0.013888888888888888,1.0,0.0,0.5,0.0,0.0,0.0,0.0,0.0,0.0,0.0,1.0,0.6666666666666666,0.5134328358208956,0.8350689127105666,1.0,0.00713101160862355,False,False,False,True,False,False,False,True,1,1
1.0,0.0,1.0,0.0,0.9583333333333333,1.0,1.0,0.5,1.0,1.0,1.0,1.0,0.0,1.0,0.5,1.0,0.3333333333333333,0.8850746268656718,0.8690658499234303,0.0,0.8481965174129354,False,False,False,True,False,False,False,True,0,0
1.0,0.0,1.0,0.0,0.4583333333333333,1.0,1.0,0.5,0.0,1.0,1.0,0.0,0.0,1.0,0.0,1.0,0.6666666666666666,0.7472636815920398,0.411791730474732,0.0,0.34249585406301825,False,True,False,False,False,True,False,False,0,0
0.0,0.0,1.0,1.0,0.2777777777777778,1.0,0.0,1.0,0.5,0.5,0.5,0.5,0.5,0.5,0.0,0.0,0.6666666666666666,0.017412935323383064,0.5457886676875957,0.0,0.004836926478717518,False,False,True,False,False,False,True,False,0,0
1.0,0.0,1.0,1.0,0.18055555555555555,1.0,1.0,1.0,0.5,0.5,0.5,0.5,0.5,0.5,0.5,0.0,0.0,0.06218905472636817,0.4548238897396631,0.0,0.011228579325594252,False,True,False,False,False,True,False,False,0,0
0.0,0.0,0.0,0.0,0.38888888888888884,1.0,0.0,0.0,1.0,1.0,0.0,0.0,0.0,0.0,0.0,0.0,0.6666666666666666,0.37611940298507474,0.1447166921898928,0.0,0.14626865671641792,True,False,False,False,True,False,False,False,0,0
0.0,0.0,1.0,1.0,1.0,1.0,1.0,0.0,1.0,1.0,1.0,1.0,0.0,1.0,1.0,0.0,0.0,0.6228855721393035,0.7350689127105666,0.0,0.6228855721393035,False,False,True,False,False,False,True,False,0,0
1.0,0.0,0.0,0.0,0.125,1.0,0.0,0.5,0.0,0.0,0.0,0.0,0.0,0.0,0.0,1.0,0.6666666666666666,0.5199004975124379,0.7493108728943338,0.0,0.06498756218905474,False,False,True,False,False,False,True,False,0,0
0.0,0.0,0.0,0.0,1.0,1.0,1.0,0.5,0.0,0.0,1.0,1.0,1.0,1.0,1.0,1.0,0.3333333333333333,0.8880597014925374,0.909188361408882,0.0,0.8880597014925374,False,False,False,True,False,False,False,True,0,0
0.0,1.0,0.0,0.0,0.7222222222222222,1.0,1.0,0.0,1.0,0.0,1.0,0.0,0.0,0.0,1.0,0.0,0.0,0.41393034825870656,0.4136294027565084,0.0,0.2989496959646214,False,True,False,False,False,True,False,False,0,0
0.0,0.0,1.0,0.0,0.4722222222222222,1.0,1.0,0.0,1.0,0.0,0.0,1.0,0.0,0.0,0.0,1.0,0.0,0.42388059701492553,0.24961715160796324,0.0,0.2001658374792704,False,True,False,False,False,True,False,False,0,0
1.0,0.0,1.0,1.0,0.986111111111111,1.0,0.0,0.5,1.0,1.0,1.0,1.0,1.0,0.0,1.0,0.0,0.3333333333333333,0.8154228855721395,0.8617151607963246,0.0,0.8040975677169708,False,False,False,True,False,False,False,True,0,0
0.0,0.0,0.0,0.0,0.08333333333333333,1.0,0.0,1.0,0.5,0.5,0.5,0.5,0.5,0.5,1.0,0.0,0.3333333333333333,0.013930348258706458,0.045941807044410414,0.0,0.0011608623548922047,True,False,False,False,True,False,False,False,0,0
0.0,0.0,1.0,0.0,0.4305555555555555,1.0,0.0,0.0,1.0,0.0,0.0,1.0,0.0,1.0,0.5,1.0,0.6666666666666666,0.455223880597015,0.23154670750382847,0.0,0.19599917081260368,True,False,False,False,True,False,False,False,0,0
0.0,1.0,1.0,0.0,0.013888888888888888,1.0,1.0,0.5,0.0,1.0,0.0,0.0,1.0,0.0,0.0,1.0,0.6666666666666666,0.7199004975124378,0.9686064318529862,1.0,0.00999861802100608,False,False,False,True,False,False,False,True,1,1
0.0,0.0,1.0,1.0,0.6805555555555555,1.0,1.0,1.0,0.5,0.5,0.5,0.5,0.5,0.5,1.0,0.0,1.0,0.06965174129353237,0.05911179173047473,0.0,0.04740187949143174,True,False,False,False,True,False,False,False,0,0
0.0,0.0,0.0,0.0,0.375,1.0,0.0,1.0,0.5,0.5,0.5,0.5,0.5,0.5,1.0,1.0,0.0,0.019900497512437807,0.6859111791730474,0.0,0.007462686567164178,False,False,True,False,False,False,True,False,0,0
0.0,0.0,1.0,0.0,0.736111111111111,1.0,0.0,0.5,0.0,0.0,0.0,1.0,1.0,1.0,0.5,1.0,0.6666666666666666,0.7482587064676618,0.6304747320061256,0.0,0.5508015478164732,False,False,True,False,False,False,True,False,0,0
0.0,1.0,1.0,0.0,0.4861111111111111,1.0,1.0,0.5,1.0,1.0,0.0,1.0,1.0,0.0,0.0,1.0,0.0,0.8184079601990052,0.4837672281776416,1.0,0.3978372028745164,False,True,False,False,False,True,False,False,1,1
1.0,0.0,0.0,0.0,0.027777777777777776,1.0,0.0,0.5,0.0,1.0,0.0,0.0,1.0,1.0,0.0,0.0,0.6666666666666666,0.7701492537313436,0.17672281776416537,1.0,0.021393034825870655,True,False,False,False,True,False,False,False,1,1
0.0,0.0,1.0,0.0,0.6388888888888888,0.0,0.5,0.0,0.0,0.0,0.0,0.0,1.0,1.0,0.0,1.0,0.6666666666666666,0.25572139303482594,0.25022970903522207,0.0,0.1633775566611388,False,True,False,False,False,True,False,False,0,0
0.0,0.0,0.0,0.0,0.4861111111111111,1.0,0.0,1.0,0.5,0.5,0.5,0.5,0.5,0.5,0.0,0.0,0.0,0.00995024875621889,0.7702909647779479,0.0,0.004836926478717515,False,False,False,True,False,False,False,True,0,0
1.0,0.0,0.0,0.0,0.125,1.0,0.0,0.5,0.0,0.0,1.0,0.0,0.0,0.0,0.0,1.0,0.6666666666666666,0.5527363184079602,0.8483920367534457,0.0,0.06909203980099503,False,False,False,True,False,False,False,True,0,0
1.0,0.0,0.0,0.0,0.8888888888888888,1.0,1.0,0.5,0.0,1.0,1.0,0.0,1.0,1.0,1.0,1.0,0.0,0.857213930348259,0.8136294027565084,0.0,0.7619679380873413,False,False,False,True,False,False,False,True,0,0
0.0,0.0,0.0,0.0,0.18055555555555555,1.0,0.0,0.5,0.0,1.0,1.0,0.0,0.0,0.0,0.0,1.0,0.6666666666666666,0.6069651741293534,0.033078101071975494,1.0,0.1095909342177999,True,False,False,False,True,False,False,False,1,1
0.0,0.0,0.0,0.0,0.7638888888888888,1.0,0.0,0.5,0.0,1.0,1.0,0.0,0.0,0.0,0.0,1.0,0.6666666666666666,0.6298507462686568,0.5872894333843798,0.0,0.4811359867330017,False,False,True,False,False,False,True,False,0,0
0.0,0.0,1.0,1.0,0.7083333333333333,1.0,1.0,0.5,1.0,1.0,0.0,0.0,0.0,1.0,0.0,1.0,0.6666666666666666,0.7517412935323384,0.5917304747320061,0.0,0.532483416252073,False,False,True,False,False,False,True,False,0,0
0.0,0.0,1.0,1.0,0.06944444444444445,1.0,1.0,1.0,0.5,0.5,0.5,0.5,0.5,0.5,0.0,1.0,1.0,0.060199004975124384,0.0894333843797856,0.0,0.0041804864566058605,True,False,False,False,True,False,False,False,0,0
1.0,0.0,1.0,1.0,0.2777777777777778,1.0,0.0,0.5,0.0,0.0,0.0,0.0,0.0,0.0,0.0,1.0,0.6666666666666666,0.519402985074627,0.1332312404287902,1.0,0.14427860696517417,True,False,False,False,True,False,False,False,1,1
0.0,0.0,1.0,1.0,0.3194444444444444,1.0,1.0,1.0,0.5,0.5,0.5,0.5,0.5,0.5,1.0,1.0,0.3333333333333333,0.07313432835820895,0.6624808575803981,0.0,0.023362354892205634,False,False,True,False,False,False,True,False,0,0
1.0,1.0,1.0,1.0,0.8472222222222222,1.0,1.0,0.5,0.0,1.0,0.0,0.0,1.0,1.0,0.5,0.0,0.6666666666666666,0.8034825870646768,0.748698315467075,0.0,0.6807283029297956,False,False,True,False,False,False,True,False,0,0
0.0,0.0,1.0,1.0,0.75,1.0,0.0,0.0,1.0,0.0,1.0,1.0,0.0,1.0,1.0,0.0,0.0,0.5144278606965176,0.5073506891271057,0.0,0.3858208955223882,False,False,True,False,False,False,True,False,0,0
1.0,0.0,0.0,0.0,0.20833333333333331,1.0,1.0,0.5,0.0,0.0,0.0,0.0,0.0,0.0,0.0,1.0,1.0,0.5746268656716419,0.03905053598774885,1.0,0.11971393034825872,True,False,False,False,True,False,False,False,1,1
0.0,0.0,1.0,1.0,0.8888888888888888,1.0,1.0,1.0,0.5,0.5,0.5,0.5,0.5,0.5,0.5,0.0,1.0,0.0661691542288557,0.16079632465543645,0.0,0.05881702598120507,True,False,False,False,True,False,False,False,0,0
0.0,0.0,0.0,1.0,0.25,1.0,1.0,0.0,1.0,0.0,0.0,0.0,0.0,1.0,0.0,0.0,0.6666666666666666,0.46318407960199015,0.04762633996937213,0.0,0.11579601990049754,True,False,False,False,True,False,False,False,0,0
1.0,0.0,0.0,0.0,0.7222222222222222,1.0,1.0,0.5,0.0,1.0,1.0,0.0,1.0,1.0,0.0,1.0,0.6666666666666666,0.8437810945273633,0.6849923430321593,0.0,0.6093974571586512,False,False,True,False,False,False,True,False,0,0
1.0,0.0,0.0,0.0,0.2361111111111111,1.0,0.0,1.0,0.5,0.5,0.5,0.5,0.5,0.5,0.5,1.0,1.0,0.018407960199004984,0.3701378254211332,0.0,0.004346323935876177,False,True,False,False,False,True,False,False,0,0
0.0,0.0,1.0,1.0,0.375,1.0,0.0,1.0,0.5,0.5,0.5,0.5,0.5,0.5,1.0,0.0,1.0,0.016417910447761173,0.6995405819295559,0.0,0.00615671641791044,False,False,True,False,False,False,True,False,0,0
0.0,0.0,1.0,0.0,0.8055555555555555,1.0,1.0,0.5,1.0,1.0,1.0,0.0,1.0,1.0,0.5,1.0,0.3333333333333333,0.9194029850746271,0.7995405819295559,0.0,0.7406301824212274,False,False,False,True,False,False,False,True,0,0
0.0,0.0,1.0,1.0,0.9444444444444444,1.0,1.0,0.5,1.0,0.0,1.0,1.0,1.0,1.0,1.0,1.0,0.0,0.9034825870646769,0.885145482388974,0.0,0.8532891100055281,False,False,False,True,False,False,False,True,0,0
1.0,0.0,0.0,0.0,0.013888888888888888,1.0,0.0,1.0,0.5,0.5,0.5,0.5,0.5,0.5,0.0,0.0,0.6666666666666666,0.009452736318407958,0.22649310872894332,0.0,0.00013128800442233275,True,False,False,False,True,False,False,False,0,0
0.0,0.0,1.0,0.0,0.7638888888888888,1.0,1.0,0.0,1.0,1.0,0.0,1.0,0.0,0.0,0.5,1.0,0.3333333333333333,0.4756218905472638,0.45895865237366,0.0,0.363322277501382,False,True,False,False,False,True,False,False,0,0
0.0,0.0,0.0,0.0,0.013888888888888888,1.0,0.0,0.0,0.0,0.0,0.0,0.0,0.0,0.0,0.0,0.0,1.0,0.2691542288557214,0.5843797856049004,0.0,0.0037382531785516856,False,False,True,False,False,False,True,False,0,0
0.0,0.0,1.0,0.0,1.0,1.0,1.0,0.0,1.0,0.0,1.0,1.0,1.0,1.0,1.0,1.0,0.3333333333333333,0.6582089552238808,0.7624808575803982,0.0,0.6582089552238808,False,False,False,True,False,False,False,True,0,0
0.0,0.0,0.0,0.0,0.08333333333333333,0.0,0.5,0.0,0.0,0.0,0.0,0.0,1.0,1.0,0.0,0.0,0.3333333333333333,0.2661691542288558,0.39479326186830016,0.0,0.022180762852404647,False,True,False,False,False,True,False,False,0,0
0.0,0.0,1.0,0.0,0.8333333333333333,1.0,1.0,0.5,0.0,1.0,0.0,0.0,1.0,1.0,0.0,1.0,0.6666666666666666,0.8114427860696519,0.7506891271056662,0.0,0.6762023217247098,False,False,False,True,False,False,False,True,0,0
1.0,0.0,1.0,1.0,0.8472222222222222,1.0,1.0,0.5,1.0,1.0,0.0,0.0,1.0,1.0,0.5,1.0,0.6666666666666666,0.8731343283582093,0.8012251148545176,1.0,0.7397388059701495,False,False,False,True,False,False,False,True,1,1
0.0,0.0,0.0,0.0,0.027777777777777776,1.0,0.0,1.0,0.5,0.5,0.5,0.5,0.5,0.5,0.0,0.0,1.0,0.02388059701492535,0.49892802450229706,1.0,0.0006633499170812597,False,False,True,False,False,False,True,False,1,1
1.0,0.0,0.0,0.0,0.875,1.0,1.0,0.0,1.0,1.0,1.0,1.0,0.0,0.0,0.5,0.0,0.6666666666666666,0.5298507462686568,0.5960183767228178,0.0,0.4636194029850747,False,False,True,False,False,False,True,False,0,0
0.0,0.0,0.0,0.0,0.2361111111111111,1.0,0.0,0.5,0.0,1.0,0.0,0.0,1.0,0.0,0.0,1.0,0.6666666666666666,0.6497512437810946,0.09157733537519142,0.0,0.15341348811498068,True,False,False,False,True,False,False,False,0,0
1.0,1.0,1.0,0.0,0.8055555555555555,1.0,1.0,0.5,0.0,0.0,1.0,0.0,1.0,1.0,0.0,1.0,0.6666666666666666,0.8004975124378112,0.7339969372128636,1.0,0.6448452183526812,False,False,True,False,False,False,True,False,1,1
0.0,0.0,0.0,1.0,0.3611111111111111,1.0,1.0,0.0,0.0,0.0,0.0,0.0,0.0,0.0,0.0,1.0,1.0,0.3109452736318408,0.07411944869831547,0.0,0.11228579325594251,True,False,False,False,True,False,False,False,0,0
0.0,0.0,1.0,1.0,0.736111111111111,0.0,0.5,0.0,1.0,1.0,1.0,0.0,0.0,1.0,0.0,1.0,0.0,0.30298507462686575,0.32787136294027563,0.0,0.22303067993366504,False,True,False,False,False,True,False,False,0,0
0.0,0.0,0.0,0.0,0.3472222222222222,1.0,0.0,1.0,0.5,0.5,0.5,0.5,0.5,0.5,0.0,1.0,0.3333333333333333,0.009452736318407958,0.6811638591117917,0.0,0.0032822001105583185,False,False,True,False,False,False,True,False,0,0
0.0,0.0,0.0,0.0,0.013888888888888888,1.0,0.0,0.5,0.0,1.0,1.0,0.0,0.0,0.0,0.0,1.0,0.6666666666666666,0.637313432835821,0.9341500765696784,1.0,0.008851575456053069,False,False,False,True,False,False,False,True,1,1
0.0,0.0,1.0,1.0,0.3333333333333333,1.0,0.0,1.0,0.5,0.5,0.5,0.5,0.5,0.5,1.0,1.0,0.3333333333333333,0.028358208955223903,0.6355283307810107,0.0,0.009452736318407966,False,False,True,False,False,False,True,False,0,0
0.0,0.0,1.0,0.0,0.027777777777777776,1.0,0.0,0.0,0.0,0.0,1.0,0.0,1.0,1.0,0.0,0.0,0.3333333333333333,0.5049751243781095,0.1329249617151608,0.0,0.01402708678828082,True,False,False,False,True,False,False,False,0,0
1.0,0.0,0.0,0.0,0.013888888888888888,1.0,0.0,1.0,0.5,0.5,0.5,0.5,0.5,0.5,0.0,0.0,1.0,0.012935323383084566,0.22741194486983154,1.0,0.00017965726920950785,True,False,False,False,True,False,False,False,1,1
0.0,0.0,1.0,0.0,0.9305555555555555,1.0,1.0,0.0,1.0,1.0,1.0,0.0,0.0,1.0,0.5,0.0,1.0,0.5656716417910448,0.655895865237366,0.0,0.5263888888888889,False,False,True,False,False,False,True,False,0,0
1.0,0.0,1.0,0.0,0.2361111111111111,0.0,0.5,0.0,0.0,0.0,1.0,1.0,1.0,1.0,0.5,0.0,0.6666666666666666,0.3616915422885573,0.9811638591117917,0.0,0.0853993919292427,False,False,False,True,False,False,False,True,0,0
1.0,0.0,0.0,0.0,0.15277777777777776,1.0,0.0,0.5,0.0,0.0,0.0,0.0,0.0,0.0,0.0,0.0,0.6666666666666666,0.5169154228855722,0.8923430321592649,0.0,0.07897318960751798,False,False,False,True,False,False,False,True,0,0
1.0,0.0,0.0,0.0,0.7083333333333333,1.0,1.0,1.0,0.5,0.5,0.5,0.5,0.5,0.5,1.0,0.0,1.0,0.06467661691542288,0.06569678407350689,0.0,0.04581260364842454,True,False,False,False,True,False,False,False,0,0
0.0,0.0,0.0,0.0,0.041666666666666664,1.0,0.0,0.5,0.0,0.0,0.0,0.0,0.0,0.0,0.0,1.0,0.6666666666666666,0.5134328358208956,0.24441041347626338,0.0,0.021393034825870648,True,False,False,False,True,False,False,False,0,0
0.0,1.0,0.0,0.0,0.013888888888888888,1.0,0.0,0.5,0.0,0.0,0.0,0.0,1.0,0.0,0.0,1.0,0.6666666666666666,0.6064676616915424,0.913323124042879,1.0,0.00842316196793809,False,False,False,True,False,False,False,True,1,1
0.0,0.0,0.0,1.0,0.013888888888888888,1.0,0.0,0.5,0.0,0.0,0.0,0.0,0.0,0.0,0.0,1.0,0.6666666666666666,0.5114427860696519,0.8344563552833077,1.0,0.007103372028745164,False,False,False,True,False,False,False,True,1,1
0.0,1.0,1.0,0.0,1.0,1.0,1.0,0.0,1.0,1.0,1.0,0.0,1.0,1.0,1.0,1.0,0.3333333333333333,0.655223880597015,0.7660030627871363,0.0,0.655223880597015,False,False,False,True,False,False,False,True,0,0
1.0,0.0,0.0,0.0,0.2638888888888889,1.0,0.0,0.0,0.0,1.0,0.0,1.0,0.0,1.0,0.5,1.0,0.0,0.4686567164179105,0.06477794793261868,0.0,0.1236733001658375,True,False,False,False,True,False,False,False,0,0
1.0,0.0,0.0,0.0,0.9027777777777777,1.0,1.0,1.0,0.5,0.5,0.5,0.5,0.5,0.5,1.0,0.0,1.0,0.0746268656716418,0.17457886676875956,0.0,0.0673714759535655,True,False,False,False,True,False,False,False,0,0
0.0,0.0,0.0,0.0,0.625,1.0,0.0,0.5,1.0,1.0,0.0,0.0,1.0,1.0,0.5,1.0,0.6666666666666666,0.8164179104477614,0.5822358346094946,0.0,0.5102611940298508,False,False,True,False,False,False,True,False,0,0
1.0,0.0,1.0,0.0,0.06944444444444445,1.0,1.0,0.5,1.0,0.0,0.0,0.0,0.0,1.0,0.0,1.0,0.6666666666666666,0.7054726368159205,0.5393568147013782,0.0,0.04899115533443893,False,False,True,False,False,False,True,False,0,0
0.0,0.0,0.0,0.0,0.7777777777777777,0.0,0.5,0.0,0.0,0.0,0.0,0.0,1.0,1.0,0.0,1.0,0.3333333333333333,0.26467661691542294,0.33996937212863704,0.0,0.20585959093421782,False,True,False,False,False,True,False,False,0,0
0.0,1.0,0.0,0.0,0.05555555555555555,1.0,1.0,0.5,0.0,0.0,0.0,0.0,0.0,0.0,0.0,1.0,0.6666666666666666,0.5592039800995026,0.38928024502297087,0.0,0.031066887783305696,False,True,False,False,False,True,False,False,0,0
0.0,0.0,0.0,0.0,0.8888888888888888,1.0,1.0,0.0,1.0,1.0,1.0,1.0,1.0,1.0,1.0,1.0,0.3333333333333333,0.6781094527363185,0.692802450229709,0.0,0.6027639579878387,False,False,True,False,False,False,True,False,0,0
0.0,0.0,1.0,1.0,0.5694444444444444,1.0,0.0,1.0,0.5,0.5,0.5,0.5,0.5,0.5,1.0,0.0,0.0,0.01442786069651739,0.9243491577335375,0.0,0.008215865118850179,False,False,False,True,False,False,False,True,0,0
0.0,0.0,0.0,0.0,0.4861111111111111,1.0,0.0,0.0,1.0,1.0,1.0,0.0,0.0,0.0,0.0,0.0,0.6666666666666666,0.4208955223880597,0.2434915773353752,0.0,0.20460199004975124,True,False,False,False,True,False,False,False,0,0
0.0,0.0,0.0,0.0,0.013888888888888888,0.0,0.5,0.0,0.0,0.0,0.0,0.0,0.0,0.0,0.0,0.0,1.0,0.06915422885572138,0.32940275650842266,1.0,0.000960475400773908,False,True,False,False,False,True,False,False,1,1
0.0,1.0,0.0,0.0,0.041666666666666664,1.0,1.0,0.5,0.0,1.0,0.0,0.0,0.0,0.0,0.0,1.0,0.6666666666666666,0.6084577114427863,0.257427258805513,1.0,0.025352404643449428,False,True,False,False,False,True,False,False,1,1
1.0,1.0,1.0,0.0,0.8472222222222222,1.0,1.0,1.0,0.5,0.5,0.5,0.5,0.5,0.5,1.0,0.0,0.0,0.06716417910447763,0.13935681470137826,0.0,0.05690298507462688,True,False,False,False,True,False,False,False,0,0
1.0,1.0,0.0,0.0,0.013888888888888888,1.0,1.0,0.5,0.0,0.0,0.0,0.0,0.0,0.0,0.0,1.0,0.6666666666666666,0.5512437810945275,0.8681470137825421,1.0,0.007656163626312882,False,False,False,True,False,False,False,True,1,1
0.0,0.0,0.0,1.0,0.4861111111111111,1.0,0.0,0.0,1.0,1.0,0.0,0.0,0.0,0.0,0.5,0.0,0.3333333333333333,0.3716417910447762,0.25206738131699846,0.0,0.18065920398009952,False,True,False,False,False,True,False,False,0,0
0.0,0.0,1.0,1.0,0.9583333333333333,1.0,1.0,0.5,1.0,1.0,1.0,1.0,1.0,1.0,1.0,0.0,0.3333333333333333,0.9452736318407963,0.9125574272588055,0.0,0.9058872305140964,False,False,False,True,False,False,False,True,0,0
0.0,0.0,1.0,0.0,0.8888888888888888,1.0,0.0,0.0,0.0,1.0,1.0,1.0,0.0,1.0,1.0,1.0,1.0,0.4980099502487563,0.5690658499234303,0.0,0.44267551133222777,False,False,True,False,False,False,True,False,0,0
1.0,0.0,1.0,1.0,0.7083333333333333,1.0,1.0,0.5,1.0,1.0,0.0,1.0,1.0,1.0,0.5,0.0,0.3333333333333333,0.9134328358208957,0.7192955589586524,0.0,0.6470149253731344,False,False,True,False,False,False,True,False,0,0
1.0,0.0,1.0,1.0,0.2361111111111111,1.0,0.0,1.0,0.5,0.5,0.5,0.5,0.5,0.5,0.5,0.0,0.0,0.016417910447761173,0.4373660030627871,0.0,0.0038764510779436103,False,True,False,False,False,True,False,False,0,0
0.0,0.0,1.0,1.0,0.9583333333333333,0.0,0.5,0.0,1.0,0.0,1.0,0.0,0.0,1.0,1.0,1.0,0.3333333333333333,0.25572139303482594,0.3914241960183767,0.0,0.24506633499170818,False,True,False,False,False,True,False,False,0,0
1.0,0.0,0.0,1.0,0.013888888888888888,0.0,0.5,0.0,0.0,1.0,0.0,0.0,0.0,0.0,0.0,1.0,1.0,0.13034825870646768,0.4130168453292496,1.0,0.0018103924820342733,False,True,False,False,False,True,False,False,1,1
